Target Name	Target Accession	Target Length	Query Name	Query Accession	Query Length	E-value	Score	Bias	Domain Index	Domain Count	Cond. E-value	Domain Ind. E-value	Domain Bit-score	Domain Bias	Query Ali. Start	Query Ali. End	Target Ali. Start	Target Ali. End	Target Env. Start	Target Env. End	Acc	Description	Mapped PDB(s)	Number of Identical Sequences
PRX5_EMENI	PRX5_EMENI	168	msa-output	-	1378	6.6e-117	397.0	1.3	1	1	5.4e-121	7.3e-117	396.882415771484	1.26	32	198	1	168	1	168	0.99	Putative peroxiredoxin prxA		0
PRX5_ASPFU	PRX5_ASPFU	168	msa-output	-	1378	1.3e-116	396.0	0.8	1	1	1.1e-120	1.5e-116	395.892364501953	0.79	32	198	1	168	1	168	0.99	Peroxiredoxin Asp f3	5j9b_A	0
PRX5_PENCI	PRX5_PENCI	167	msa-output	-	1378	1.0e-111	379.8	0.7	1	1	8.4e-116	1.1e-111	379.676025390625	0.72	33	198	1	167	1	167	0.99	Peroxiredoxin Pen c 3		0
PMP20_LIPKO	PMP20_LIPKO	166	msa-output	-	1378	1.5e-69	240.1	2.6	1	1	1.2e-73	1.7e-69	239.954879760742	2.57	39	197	3	165	1	166	0.96	Putative peroxisomal peroxiredoxin		0
POP1_YEAST	POP1_YEAST	875	msa-output	-	1378	9.1e-61	211.0	12.4	1	2	1.1e-56	1.5e-52	183.736892700195	8.11	257	1019	23	795	2	808	0.70	Ribonucleases P/MRP protein subunit POP1	6agb_B	0
POP1_YEAST	POP1_YEAST	875	msa-output	-	1378	9.1e-61	211.0	12.4	2	2	3.0e-08	0.0004	23.3308582305908	0.13	1061	1099	804	842	791	845	0.87	Ribonucleases P/MRP protein subunit POP1	6agb_B	0
MALF2_MALFU	MALF2_MALFU	177	msa-output	-	1378	4.7e-58	202.0	1.0	1	1	4.1e-62	5.5e-58	201.801147460938	0.97	42	197	15	176	5	177	0.92	Putative peroxiredoxin		0
MALF3_MALFU	MALF3_MALFU	166	msa-output	-	1378	1.1e-57	200.8	0.2	1	1	9.3e-62	1.3e-57	200.601425170898	0.24	44	198	8	166	2	166	0.93	Putative peroxiredoxin (Fragment)		0
POPI_SCHPO	POPI_SCHPO	698	msa-output	-	1378	6.4e-52	181.7	12.0	1	2	1.3e-45	1.8e-41	147.089996337891	4.88	266	922	15	582	7	589	0.73	Ribonucleases P/MRP protein subunit pop1		0
POPI_SCHPO	POPI_SCHPO	698	msa-output	-	1378	6.4e-52	181.7	12.0	2	2	1.3e-10	1.7e-06	31.1844482421875	0.48	1068	1151	633	697	625	698	0.86	Ribonucleases P/MRP protein subunit pop1		0
MIC19_EMENI	MIC19_EMENI	209	msa-output	-	1378	3.6e-47	166.0	0.2	1	1	3.1e-51	4.2e-47	165.731292724609	0.17	1174	1378	16	209	3	209	0.89	MICOS complex subunit mic19		0
AHP1_YEAST	AHP1_YEAST	176	msa-output	-	1378	5.6e-45	158.7	3.9	1	1	4.5e-49	6.0e-45	158.585708618164	3.87	39	198	7	176	1	176	0.92	Peroxiredoxin AHP1	4dss_A	0
PMPB_CANBO	PMPB_CANBO	167	msa-output	-	1378	5.0e-42	148.9	0.0	1	1	4.2e-46	5.6e-42	148.753692626953	0.01	32	198	1	167	1	167	0.93	Putative peroxiredoxin-B		0
PMPA_CANBO	PMPA_CANBO	167	msa-output	-	1378	1.3e-41	147.5	0.0	1	1	1.1e-45	1.4e-41	147.393829345703	0.01	32	198	1	167	1	167	0.93	Putative peroxiredoxin-A		0
PRX2C_ORYSJ	PRX2C_ORYSJ	162	msa-output	-	1378	1.5e-38	137.4	0.0	1	1	1.3e-42	1.7e-38	137.173858642578	0.01	75	197	34	161	33	162	0.91	Peroxiredoxin-2C		0
PRX2B_ARATH	PRX2B_ARATH	162	msa-output	-	1378	2.9e-38	136.4	0.0	1	1	2.6e-42	3.5e-38	136.16325378418	0.03	75	197	34	161	32	162	0.91	Peroxiredoxin-2B		0
PRX2D_ARATH	PRX2D_ARATH	162	msa-output	-	1378	5.2e-38	135.6	0.0	1	1	4.6e-42	6.1e-38	135.36653137207	0.01	75	197	34	161	32	162	0.91	Peroxiredoxin-2D		0
PRX2E_ARATH	PRX2E_ARATH	234	msa-output	-	1378	7.8e-38	135.0	0.0	1	1	6.4e-42	8.7e-38	134.868499755859	0.00	71	197	100	233	35	234	0.79	Peroxiredoxin-2E, chloroplastic		0
PR2E1_ORYSJ	PR2E1_ORYSJ	232	msa-output	-	1378	1.9e-37	133.7	0.0	1	1	1.9e-41	2.5e-37	133.335189819336	0.02	75	197	102	231	101	232	0.90	Peroxiredoxin-2E-1, chloroplastic		0
PRX2C_ARATH	PRX2C_ARATH	162	msa-output	-	1378	2.2e-37	133.5	0.0	1	1	1.9e-41	2.6e-37	133.285491943359	0.01	75	197	34	161	32	162	0.91	Peroxiredoxin-2C		0
PRX2_POPTR	PRX2_POPTR	162	msa-output	-	1378	9.1e-37	131.5	0.0	1	1	8.0e-41	1.1e-36	131.234268188477	0.02	75	197	34	161	32	162	0.91	Peroxiredoxin-2	1tp9_A	0
PR2E2_ORYSJ	PR2E2_ORYSJ	225	msa-output	-	1378	1.2e-36	131.1	0.0	1	1	8.9e-41	1.2e-36	131.093109130859	0.02	75	197	94	224	30	225	0.92	Peroxiredoxin-2E-2, chloroplastic		0
PRDX5_RAT	PRDX5_RAT	213	msa-output	-	1378	1.2e-32	117.9	0.1	1	1	2.7e-36	3.7e-32	116.228630065918	0.02	73	197	80	212	42	213	0.89	Peroxiredoxin-5, mitochondrial		0
PRDX5_HUMAN	PRDX5_HUMAN	214	msa-output	-	1378	2.1e-31	113.7	0.0	1	1	3.2e-35	4.3e-31	112.701263427734	0.01	73	197	81	213	26	214	0.89	Peroxiredoxin-5, mitochondrial	1hd2_A	0
PRDX5_PAPHA	PRDX5_PAPHA	215	msa-output	-	1378	2.2e-31	113.7	0.0	1	1	3.1e-35	4.2e-31	112.734580993652	0.01	73	197	82	214	23	215	0.89	Peroxiredoxin-5, mitochondrial		0
PRDX5_MOUSE	PRDX5_MOUSE	210	msa-output	-	1378	3.6e-31	113.0	0.0	1	1	7.1e-35	9.6e-31	111.533935546875	0.01	73	197	77	209	27	210	0.88	Peroxiredoxin-5, mitochondrial		0
PRX2F_ARATH	PRX2F_ARATH	201	msa-output	-	1378	6.1e-31	112.2	0.8	1	1	5.5e-35	7.4e-31	111.897369384766	0.76	73	197	70	200	67	201	0.94	Peroxiredoxin-2F, mitochondrial		0
PRX2F_ORYSJ	PRX2F_ORYSJ	198	msa-output	-	1378	1.7e-30	110.7	1.1	1	1	1.5e-34	2.0e-30	110.451118469238	1.12	74	197	68	197	65	198	0.92	Peroxiredoxin-2F, mitochondrial		0
PRDX5_CHLAE	PRDX5_CHLAE	215	msa-output	-	1378	2.9e-30	109.9	0.0	1	1	4.4e-34	5.9e-30	108.920150756836	0.01	73	197	82	214	23	215	0.89	Peroxiredoxin-5, mitochondrial		0
GSPRX_MARGR	GSPRX_MARGR	247	msa-output	-	1378	5.4e-30	109.0	0.0	1	1	4.7e-34	6.3e-30	108.811393737793	0.01	74	199	32	166	27	211	0.88	Glutathione amide-dependent peroxidase		0
PRDX5_BOVIN	PRDX5_BOVIN	219	msa-output	-	1378	1.1e-29	108.1	0.0	1	1	1.5e-33	2.0e-29	107.136619567871	0.00	73	197	86	218	49	219	0.87	Peroxiredoxin-5, mitochondrial		0
PRX5_SYNY3	PRX5_SYNY3	189	msa-output	-	1378	1.4e-29	107.7	0.0	1	1	1.2e-33	1.6e-29	107.513473510742	0.00	74	175	37	143	33	176	0.87	Peroxiredoxin sll1621		0
PRX5_HAEIN	PRX5_HAEIN	241	msa-output	-	1378	3.7e-29	106.3	0.0	1	1	3.3e-33	4.5e-29	105.991439819336	0.01	71	202	28	166	24	195	0.82	Hybrid peroxiredoxin hyPrx5	1nm3_B	0
PRX5_RHIET	PRX5_RHIET	179	msa-output	-	1378	1.4e-26	97.7	0.0	1	1	1.3e-30	1.7e-26	97.4277267456055	0.02	74	174	38	143	34	154	0.90	Peroxiredoxin		0
PRX5_SINFN	PRX5_SINFN	188	msa-output	-	1378	5.7e-25	92.4	0.0	1	1	5.4e-29	7.2e-25	92.0545043945312	0.00	74	171	38	140	34	151	0.88	Peroxiredoxin y4vD		0
PMP20_SCHPO	PMP20_SCHPO	156	msa-output	-	1378	2.4e-24	90.3	2.7	1	1	2.1e-28	2.8e-24	90.1165618896484	2.67	78	197	29	155	26	156	0.88	Peroxisomal membrane associated protein 20		0
POP1_HUMAN	POP1_HUMAN	1024	msa-output	-	1378	6.3e-22	82.3	7.7	1	4	4.8e-06	0.065	16.004035949707	3.50	294	365	104	177	86	191	0.68	Ribonucleases P/MRP protein subunit POP1	6ahu_B	0
POP1_HUMAN	POP1_HUMAN	1024	msa-output	-	1378	6.3e-22	82.3	7.7	2	4	2.7e-09	3.7e-05	26.7624206542969	0.06	443	584	191	322	179	327	0.85	Ribonucleases P/MRP protein subunit POP1	6ahu_B	0
POP1_HUMAN	POP1_HUMAN	1024	msa-output	-	1378	6.3e-22	82.3	7.7	3	4	5.1e-11	6.9e-07	32.48583984375	0.03	634	919	424	726	417	795	0.72	Ribonucleases P/MRP protein subunit POP1	6ahu_B	0
POP1_HUMAN	POP1_HUMAN	1024	msa-output	-	1378	6.3e-22	82.3	7.7	4	4	0.0052	71	5.9415168762207	0.00	982	1101	855	987	840	1006	0.67	Ribonucleases P/MRP protein subunit POP1	6ahu_B	0
PRX2A_ARATH	PRX2A_ARATH	553	msa-output	-	1378	5.3e-18	69.3	0.1	1	1	5.7e-22	7.7e-18	68.7643585205078	0.06	75	128	34	87	33	95	0.95	Peroxiredoxin-2A		0
POP1_ARATH	POP1_ARATH	826	msa-output	-	1378	4.6e-11	46.3	1.1	1	1	5.6e-15	7.5e-11	45.6188125610352	1.13	378	872	57	552	10	564	0.70	Ribonucleases P/MRP protein subunit POP1		0
MIC19_SCHPO	MIC19_SCHPO	162	msa-output	-	1378	0.00067	22.6	0.3	1	1	5.8e-08	0.00079	22.351806640625	0.30	1180	1239	14	73	6	150	0.79	MICOS complex subunit mic19		0
