Target Name	Target Accession	Target Length	Query Name	Query Accession	Query Length	E-value	Score	Bias	Domain Index	Domain Count	Cond. E-value	Domain Ind. E-value	Domain Bit-score	Domain Bias	Query Ali. Start	Query Ali. End	Target Ali. Start	Target Ali. End	Target Env. Start	Target Env. End	Acc	Description	Mapped PDB(s)	Number of Identical Sequences
PRX5_ASPFU	PRX5_ASPFU	168	clustalo-edited	-	163	7.6e-77	261.3	0.0	1	1	1.5e-80	8.4e-77	261.131317138672	0.01	1	163	1	168	1	168	0.95	Peroxiredoxin Asp f3	5j9b_A	0
PRX5_EMENI	PRX5_EMENI	168	clustalo-edited	-	163	2.1e-76	259.8	0.0	1	1	4.1e-80	2.3e-76	259.705383300781	0.02	1	163	1	168	1	168	0.94	Putative peroxiredoxin prxA		0
PRX5_PENCI	PRX5_PENCI	167	clustalo-edited	-	163	1.6e-75	256.9	0.0	1	1	3.2e-79	1.8e-75	256.801208496094	0.03	3	163	2	167	1	167	0.94	Peroxiredoxin Pen c 3		0
PMP20_LIPKO	PMP20_LIPKO	166	clustalo-edited	-	163	1.7e-54	188.6	0.0	1	1	3.4e-58	1.9e-54	188.429428100586	0.02	7	163	2	166	1	166	0.92	Putative peroxisomal peroxiredoxin		0
MALF3_MALFU	MALF3_MALFU	166	clustalo-edited	-	163	2.8e-49	171.6	0.0	1	1	6.2e-53	3.5e-49	171.311279296875	0.03	11	163	7	166	1	166	0.91	Putative peroxiredoxin (Fragment)		0
MALF2_MALFU	MALF2_MALFU	177	clustalo-edited	-	163	5.7e-48	167.4	0.1	1	1	1.4e-51	7.6e-48	166.963165283203	0.06	6	162	10	176	6	177	0.85	Putative peroxiredoxin		0
AHP1_YEAST	AHP1_YEAST	176	clustalo-edited	-	163	1.6e-36	130.1	0.7	1	1	3.3e-40	1.9e-36	129.930023193359	0.69	7	163	6	176	1	176	0.87	Peroxiredoxin AHP1	4dss_A	0
PMPB_CANBO	PMPB_CANBO	167	clustalo-edited	-	163	1.9e-35	126.7	0.0	1	1	5.6e-39	3.2e-35	125.93913269043	0.00	1	163	1	167	1	167	0.90	Putative peroxiredoxin-B		0
PMPA_CANBO	PMPA_CANBO	167	clustalo-edited	-	163	6.6e-35	124.9	0.0	1	1	1.9e-38	1.1e-34	124.192573547363	0.00	1	163	1	167	1	167	0.90	Putative peroxiredoxin-A		0
PRX2B_ARATH	PRX2B_ARATH	162	clustalo-edited	-	163	1.1e-33	120.9	0.0	1	1	2.6e-37	1.5e-33	120.501251220703	0.00	43	163	33	162	1	162	0.90	Peroxiredoxin-2B		0
PRX2E_ARATH	PRX2E_ARATH	234	clustalo-edited	-	163	2.6e-33	119.7	0.0	1	1	8.7e-37	4.9e-33	118.816062927246	0.00	36	163	96	234	70	234	0.83	Peroxiredoxin-2E, chloroplastic		0
PRX2D_ARATH	PRX2D_ARATH	162	clustalo-edited	-	163	3.5e-33	119.3	0.0	1	1	8.6e-37	4.9e-33	118.823081970215	0.00	42	163	32	162	1	162	0.90	Peroxiredoxin-2D		0
PRX2C_ORYSJ	PRX2C_ORYSJ	162	clustalo-edited	-	163	5.4e-33	118.7	0.0	1	1	1.4e-36	8.1e-33	118.107681274414	0.00	44	163	34	162	24	162	0.93	Peroxiredoxin-2C		0
PRX2_POPTR	PRX2_POPTR	162	clustalo-edited	-	163	1.7e-32	117.1	0.0	1	1	5.1e-36	2.9e-32	116.304267883301	0.00	41	163	31	162	4	162	0.91	Peroxiredoxin-2	1tp9_A	0
PRX2C_ARATH	PRX2C_ARATH	162	clustalo-edited	-	163	1.7e-32	117.0	0.0	1	1	4.2e-36	2.4e-32	116.583618164062	0.00	42	163	32	162	1	162	0.90	Peroxiredoxin-2C		0
PR2E1_ORYSJ	PR2E1_ORYSJ	232	clustalo-edited	-	163	1.9e-32	116.9	0.0	1	1	6.5e-36	3.7e-32	115.96923828125	0.00	43	163	101	232	70	232	0.90	Peroxiredoxin-2E-1, chloroplastic		0
PR2E2_ORYSJ	PR2E2_ORYSJ	225	clustalo-edited	-	163	5.3e-30	108.9	0.0	1	1	1.9e-33	1.1e-29	107.969078063965	0.00	41	163	91	225	60	225	0.85	Peroxiredoxin-2E-2, chloroplastic		0
PRDX5_RAT	PRDX5_RAT	213	clustalo-edited	-	163	1.8e-27	100.7	0.0	1	1	7.5e-31	4.2e-27	99.5140838623047	0.00	37	144	75	192	52	213	0.81	Peroxiredoxin-5, mitochondrial		0
PRDX5_PAPHA	PRDX5_PAPHA	215	clustalo-edited	-	163	3.5e-27	99.8	0.0	1	1	1.2e-30	6.9e-27	98.8158798217773	0.00	37	143	77	193	54	215	0.81	Peroxiredoxin-5, mitochondrial		0
PRDX5_HUMAN	PRDX5_HUMAN	214	clustalo-edited	-	163	3.6e-27	99.7	0.0	1	1	1.3e-30	7.2e-27	98.7709426879883	0.00	37	143	76	192	53	214	0.81	Peroxiredoxin-5, mitochondrial	1hd2_A	0
PRX2F_ARATH	PRX2F_ARATH	201	clustalo-edited	-	163	5.8e-27	99.1	0.0	1	1	1.4e-30	7.8e-27	98.6426467895508	0.02	40	161	68	199	48	201	0.88	Peroxiredoxin-2F, mitochondrial		0
PRDX5_CHLAE	PRDX5_CHLAE	215	clustalo-edited	-	163	2.0e-26	97.3	0.0	1	1	7.0e-30	4.0e-26	96.3481826782227	0.00	37	143	77	193	54	215	0.81	Peroxiredoxin-5, mitochondrial		0
PRX2F_ORYSJ	PRX2F_ORYSJ	198	clustalo-edited	-	163	2.2e-26	97.2	0.1	1	1	5.3e-30	3.0e-26	96.743408203125	0.05	42	162	67	197	46	198	0.85	Peroxiredoxin-2F, mitochondrial		0
PRDX5_MOUSE	PRDX5_MOUSE	210	clustalo-edited	-	163	2.3e-26	97.1	0.0	1	1	9.9e-30	5.6e-26	95.8623504638672	0.00	37	144	72	189	49	210	0.81	Peroxiredoxin-5, mitochondrial		0
GSPRX_MARGR	GSPRX_MARGR	247	clustalo-edited	-	163	7.6e-26	95.4	0.0	1	1	2.1e-29	1.2e-25	94.8104400634766	0.00	38	162	27	164	16	165	0.78	Glutathione amide-dependent peroxidase		0
PRX5_SYNY3	PRX5_SYNY3	189	clustalo-edited	-	163	7.6e-26	95.4	0.0	1	1	2.0e-29	1.1e-25	94.8618469238281	0.00	40	141	34	143	13	158	0.84	Peroxiredoxin sll1621		0
PRX5_HAEIN	PRX5_HAEIN	241	clustalo-edited	-	163	9.1e-26	95.2	0.0	1	1	2.6e-29	1.5e-25	94.4839782714844	0.00	38	161	26	160	15	162	0.81	Hybrid peroxiredoxin hyPrx5	1nm3_B	0
PRDX5_BOVIN	PRDX5_BOVIN	219	clustalo-edited	-	163	1.1e-25	94.9	0.0	1	1	4.5e-29	2.6e-25	93.7127456665039	0.00	37	146	81	201	58	219	0.80	Peroxiredoxin-5, mitochondrial		0
PRX5_SINFN	PRX5_SINFN	188	clustalo-edited	-	163	2.2e-24	90.7	0.0	1	1	6.2e-28	3.5e-24	90.0167465209961	0.00	39	143	34	145	5	160	0.82	Peroxiredoxin y4vD		0
PRX5_RHIET	PRX5_RHIET	179	clustalo-edited	-	163	1.4e-23	88.0	0.0	1	1	3.7e-27	2.1e-23	87.5110931396484	0.00	40	141	35	143	12	155	0.86	Peroxiredoxin		0
PMP20_SCHPO	PMP20_SCHPO	156	clustalo-edited	-	163	3.2e-21	80.4	0.1	1	1	8.0e-25	4.5e-21	79.9065322875977	0.11	46	163	28	156	20	156	0.81	Peroxisomal membrane associated protein 20		0
PRX2A_ARATH	PRX2A_ARATH	553	clustalo-edited	-	163	1.6e-17	68.3	0.0	1	1	5.6e-21	3.2e-17	67.3962478637695	0.01	43	105	33	95	23	117	0.89	Peroxiredoxin-2A		0
TDXH_AQUAE	TDXH_AQUAE	222	clustalo-edited	-	163	1.4e-05	29.6	0.1	1	1	3.6e-09	2.0e-05	29.0179500579834	0.11	41	126	29	116	16	141	0.72	Peroxiredoxin	5ovq_K	0
TDXH_THEVO	TDXH_THEVO	203	clustalo-edited	-	163	0.00023	25.6	0.0	1	1	5.1e-08	0.00029	25.2597579956055	0.01	42	100	25	81	7	145	0.81	Peroxiredoxin		0
TPX_STRA5	TPX_STRA5	164	clustalo-edited	-	163	0.00025	25.5	0.0	1	1	5.1e-08	0.00029	25.2640285491943	0.05	29	153	26	151	7	161	0.78	Thiol peroxidase		0
TPX_STRA3	TPX_STRA3	164	clustalo-edited	-	163	0.00035	25.0	0.1	1	1	7.2e-08	0.0004	24.783597946167	0.05	28	153	25	151	6	161	0.78	Thiol peroxidase		0
TDXH2_THEAC	TDXH2_THEAC	199	clustalo-edited	-	163	0.00064	24.1	0.0	1	1	1.4e-07	0.00078	23.8560428619385	0.01	42	100	21	77	5	141	0.80	Peroxiredoxin 2		0
TDXH2_CALS4	TDXH2_CALS4	221	clustalo-edited	-	163	0.00087	23.7	0.0	1	1	2.1e-07	0.0012	23.2644958496094	0.01	42	125	37	122	22	149	0.72	Peroxiredoxin 2		0
TPX_CLOAB	TPX_CLOAB	164	clustalo-edited	-	163	0.0011	23.4	0.1	1	1	4.7e-07	0.0026	22.1357975006104	0.10	45	145	42	143	14	159	0.81	Thiol peroxidase		0
TPX_STRGN	TPX_STRGN	163	clustalo-edited	-	163	0.0015	22.9	0.1	1	1	3.3e-07	0.0019	22.6228885650635	0.07	26	147	23	145	7	160	0.77	Thiol peroxidase		0
TPX_STRSA	TPX_STRSA	163	clustalo-edited	-	163	0.0015	22.9	0.1	1	1	3.3e-07	0.0019	22.6228885650635	0.07	26	147	23	145	7	160	0.77	Thiol peroxidase		0
TDXH_METMA	TDXH_METMA	219	clustalo-edited	-	163	0.0027	22.1	0.1	1	1	6.8e-07	0.0039	21.599983215332	0.06	41	135	24	116	6	131	0.86	Peroxiredoxin		0
TDXH1_PICTO	TDXH1_PICTO	227	clustalo-edited	-	163	0.0046	21.3	0.1	1	1	1.3e-06	0.0071	20.7433013916016	0.10	41	124	28	113	13	152	0.66	Peroxiredoxin 1		0
TDXH2_SULTO	TDXH2_SULTO	212	clustalo-edited	-	163	0.0049	21.3	0.0	1	1	1.1e-06	0.0062	20.9223556518555	0.02	42	139	30	133	10	152	0.72	Peroxiredoxin 2		0
TPX_STRPA	TPX_STRPA	164	clustalo-edited	-	163	0.006	21.0	0.0	1	1	1.2e-06	0.0071	20.746603012085	0.01	29	145	26	143	7	160	0.77	Thiol peroxidase		0
REHY_BROSE	REHY_BROSE	202	clustalo-edited	-	163	0.0084	20.5	0.0	1	1	2.4e-06	0.014	19.8201637268066	0.01	43	100	12	67	5	90	0.85	Probable 1-Cys peroxiredoxin (Fragment)		0
TDXH_SACS2	TDXH_SACS2	215	clustalo-edited	-	163	0.0092	20.4	0.0	1	1	2.1e-06	0.012	20.0160179138184	0.01	41	126	29	116	11	150	0.70	Peroxiredoxin		0
