Target Name	Target Accession	Target Length	Query Name	Query Accession	Query Length	E-value	Score	Bias	Domain Index	Domain Count	Cond. E-value	Domain Ind. E-value	Domain Bit-score	Domain Bias	Query Ali. Start	Query Ali. End	Target Ali. Start	Target Ali. End	Target Env. Start	Target Env. End	Acc	Description	Mapped PDB(s)	Number of Identical Sequences
PRX5_EMENI	PRX5_EMENI	168	Query	-	803	4.7e-132	447.2	2.1	1	1	4.3e-136	5.2e-132	447.031402587891	2.14	1	168	1	168	1	168	1.00	Putative peroxiredoxin prxA		0
PRX5_ASPFU	PRX5_ASPFU	168	Query	-	803	1.6e-131	445.5	1.5	1	1	1.4e-135	1.7e-131	445.305084228516	1.51	1	168	1	168	1	168	1.00	Peroxiredoxin Asp f3	5j9b_A	0
PRX5_PENCI	PRX5_PENCI	167	Query	-	803	2.4e-122	415.0	1.3	1	1	2.2e-126	2.7e-122	414.900024414062	1.27	2	168	1	167	1	167	0.99	Peroxiredoxin Pen c 3		0
PMP20_LIPKO	PMP20_LIPKO	166	Query	-	803	9.4e-53	184.9	2.2	1	1	8.4e-57	1.0e-52	184.787734985352	2.20	8	167	3	165	1	166	0.92	Putative peroxisomal peroxiredoxin		0
MALF2_MALFU	MALF2_MALFU	177	Query	-	803	9.0e-46	161.8	0.6	1	1	8.4e-50	1.0e-45	161.629409790039	0.59	7	168	11	177	6	177	0.91	Putative peroxiredoxin		0
MALF3_MALFU	MALF3_MALFU	166	Query	-	803	5.8e-40	142.6	0.1	1	1	5.4e-44	6.4e-40	142.437225341797	0.11	13	165	8	163	2	166	0.88	Putative peroxiredoxin (Fragment)		0
AHP1_YEAST	AHP1_YEAST	176	Query	-	803	3.7e-32	116.8	2.0	1	1	3.6e-36	4.4e-32	116.536552429199	2.03	9	168	8	176	4	176	0.91	Peroxiredoxin AHP1	4dss_A	0
PRX2E_ARATH	PRX2E_ARATH	234	Query	-	803	9.3e-31	112.1	0.0	1	1	1.0e-34	1.2e-30	111.748184204102	0.01	44	168	104	234	98	234	0.89	Peroxiredoxin-2E, chloroplastic		0
PR2E1_ORYSJ	PR2E1_ORYSJ	232	Query	-	803	9.5e-31	112.1	0.0	1	1	1.0e-34	1.2e-30	111.754241943359	0.05	44	168	102	232	100	232	0.91	Peroxiredoxin-2E-1, chloroplastic		0
PRX2B_ARATH	PRX2B_ARATH	162	Query	-	803	9.7e-30	108.8	0.1	1	1	9.9e-34	1.2e-29	108.483428955078	0.06	44	168	34	162	30	162	0.92	Peroxiredoxin-2B		0
PR2E2_ORYSJ	PR2E2_ORYSJ	225	Query	-	803	1.3e-29	108.3	0.0	1	1	1.4e-33	1.7e-29	107.977233886719	0.01	44	168	94	225	90	225	0.91	Peroxiredoxin-2E-2, chloroplastic		0
PMPB_CANBO	PMPB_CANBO	167	Query	-	803	2.1e-29	107.7	0.0	1	1	2.0e-33	2.5e-29	107.44246673584	0.02	1	168	1	167	1	167	0.87	Putative peroxiredoxin-B		0
PRX2_POPTR	PRX2_POPTR	162	Query	-	803	2.3e-29	107.5	0.0	1	1	2.3e-33	2.8e-29	107.253463745117	0.04	44	168	34	162	32	162	0.93	Peroxiredoxin-2	1tp9_A	0
PRX2C_ORYSJ	PRX2C_ORYSJ	162	Query	-	803	3.4e-29	107.0	0.0	1	1	3.4e-33	4.1e-29	106.695617675781	0.02	44	168	34	162	33	162	0.93	Peroxiredoxin-2C		0
PRX2D_ARATH	PRX2D_ARATH	162	Query	-	803	8.6e-29	105.6	0.0	1	1	8.7e-33	1.1e-28	105.350532531738	0.03	44	168	34	162	32	162	0.92	Peroxiredoxin-2D		0
PMPA_CANBO	PMPA_CANBO	167	Query	-	803	1.5e-28	104.9	0.0	1	1	1.6e-32	1.9e-28	104.468704223633	0.02	2	168	2	167	1	167	0.83	Putative peroxiredoxin-A		0
PRX2C_ARATH	PRX2C_ARATH	162	Query	-	803	2.9e-28	103.9	0.0	1	1	3.0e-32	3.6e-28	103.572555541992	0.03	44	168	34	162	32	162	0.92	Peroxiredoxin-2C		0
GSPRX_MARGR	GSPRX_MARGR	247	Query	-	803	3.6e-26	97.0	0.0	1	1	3.3e-30	4.0e-26	96.8191223144531	0.01	43	169	32	166	26	238	0.82	Glutathione amide-dependent peroxidase		0
PRDX5_RAT	PRDX5_RAT	213	Query	-	803	5.8e-25	93.0	0.0	1	1	7.3e-29	8.8e-25	92.3745269775391	0.01	43	168	81	213	76	213	0.88	Peroxiredoxin-5, mitochondrial		0
PRX5_SYNY3	PRX5_SYNY3	189	Query	-	803	3.2e-23	87.2	0.0	1	1	3.1e-27	3.8e-23	86.9776153564453	0.00	44	167	38	171	33	184	0.82	Peroxiredoxin sll1621		0
PRDX5_MOUSE	PRDX5_MOUSE	210	Query	-	803	4.0e-23	86.9	0.0	1	1	4.4e-27	5.2e-23	86.5082321166992	0.01	44	168	79	210	73	210	0.89	Peroxiredoxin-5, mitochondrial		0
PRDX5_PAPHA	PRDX5_PAPHA	215	Query	-	803	4.9e-23	86.6	0.0	1	1	5.2e-27	6.2e-23	86.2576599121094	0.01	44	167	84	214	78	215	0.82	Peroxiredoxin-5, mitochondrial		0
PRX2F_ORYSJ	PRX2F_ORYSJ	198	Query	-	803	5.1e-23	86.5	1.1	1	1	5.2e-27	6.3e-23	86.240852355957	1.14	45	168	70	198	65	198	0.89	Peroxiredoxin-2F, mitochondrial		0
PRDX5_HUMAN	PRDX5_HUMAN	214	Query	-	803	7.4e-23	86.0	0.0	1	1	7.8e-27	9.4e-23	85.6727600097656	0.01	44	167	83	213	77	214	0.81	Peroxiredoxin-5, mitochondrial	1hd2_A	0
POP1_YEAST	POP1_YEAST	875	Query	-	803	1.8e-22	84.8	0.0	1	1	1.5e-26	1.8e-22	84.751594543457	0.05	236	557	362	680	354	847	0.70	Ribonucleases P/MRP protein subunit POP1	6agb_B	0
PRX2F_ARATH	PRX2F_ARATH	201	Query	-	803	1.8e-22	84.7	0.7	1	1	1.9e-26	2.3e-22	84.4092559814453	0.71	43	167	71	200	67	201	0.91	Peroxiredoxin-2F, mitochondrial		0
PRX5_HAEIN	PRX5_HAEIN	241	Query	-	803	2.3e-22	84.4	0.0	1	1	2.0e-26	2.5e-22	84.2875900268555	0.01	39	168	27	162	23	228	0.84	Hybrid peroxiredoxin hyPrx5	1nm3_B	0
PRDX5_CHLAE	PRDX5_CHLAE	215	Query	-	803	5.8e-22	83.1	0.0	1	1	6.3e-26	7.6e-22	82.6697845458984	0.01	44	167	84	214	78	215	0.81	Peroxiredoxin-5, mitochondrial		0
PRDX5_BOVIN	PRDX5_BOVIN	219	Query	-	803	8.8e-22	82.5	0.0	1	1	9.6e-26	1.2e-21	82.06201171875	0.00	44	168	88	219	82	219	0.86	Peroxiredoxin-5, mitochondrial		0
POPI_SCHPO	POPI_SCHPO	698	Query	-	803	4.4e-20	76.8	1.5	1	2	0.0038	46	7.32086801528931	0.02	237	319	299	382	280	460	0.66	Ribonucleases P/MRP protein subunit pop1		0
POPI_SCHPO	POPI_SCHPO	698	Query	-	803	4.4e-20	76.8	1.5	2	2	2.2e-20	2.6e-16	64.3525543212891	0.53	438	559	470	586	461	606	0.82	Ribonucleases P/MRP protein subunit pop1		0
PRX5_RHIET	PRX5_RHIET	179	Query	-	803	5.9e-20	76.4	0.0	1	1	5.5e-24	6.6e-20	76.2548751831055	0.03	43	144	38	143	34	175	0.87	Peroxiredoxin		0
PMP20_SCHPO	PMP20_SCHPO	156	Query	-	803	4.6e-19	73.5	1.2	1	1	4.6e-23	5.5e-19	73.2114562988281	1.20	47	168	29	156	25	156	0.92	Peroxisomal membrane associated protein 20		0
PRX5_SINFN	PRX5_SINFN	188	Query	-	803	1.1e-17	68.9	0.0	1	1	9.5e-22	1.1e-17	68.8552093505859	0.01	43	104	38	99	34	174	0.88	Peroxiredoxin y4vD		0
PRX2A_ARATH	PRX2A_ARATH	553	Query	-	803	2.4e-13	54.6	0.0	1	1	3.0e-17	3.6e-13	53.9866905212402	0.02	44	104	34	94	32	98	0.93	Peroxiredoxin-2A		0
POP1_HUMAN	POP1_HUMAN	1024	Query	-	803	9.8e-13	52.5	0.2	1	1	8.1e-17	9.8e-13	52.534839630127	0.15	309	550	483	714	456	781	0.77	Ribonucleases P/MRP protein subunit POP1	6ahu_B	0
POP1_ARATH	POP1_ARATH	826	Query	-	803	0.00026	24.7	0.2	1	1	4.5e-08	0.00054	23.6156730651855	0.18	233	517	264	561	213	566	0.66	Ribonucleases P/MRP protein subunit POP1		0
