Target Name	Target Accession	Target Length	Query Name	Query Accession	Query Length	E-value	Score	Bias	Domain Index	Domain Count	Cond. E-value	Domain Ind. E-value	Domain Bit-score	Domain Bias	Query Ali. Start	Query Ali. End	Target Ali. Start	Target Ali. End	Target Env. Start	Target Env. End	Acc	Description	Mapped PDB(s)	Number of Identical Sequences
PRX5_ASPFU	PRX5_ASPFU	168	Redoxin	-	147	3.9e-36	128.8	0.0	1	1	5.0e-39	4.3e-36	128.684951782227	0.01	1	147	5	165	5	165	0.94	Peroxiredoxin Asp f3	5j9b_A	0
PRX5_PENCI	PRX5_PENCI	167	Redoxin	-	147	1.1e-35	127.4	0.0	1	1	1.4e-38	1.2e-35	127.205833435059	0.01	1	147	4	164	4	164	0.93	Peroxiredoxin Pen c 3		0
PRX5_EMENI	PRX5_EMENI	168	Redoxin	-	147	8.2e-34	121.3	0.0	1	1	1.1e-36	9.2e-34	121.132682800293	0.01	1	147	5	165	5	165	0.93	Putative peroxiredoxin prxA		0
PR2E2_ORYSJ	PR2E2_ORYSJ	225	Redoxin	-	147	4.0e-33	119.1	0.0	1	1	6.1e-36	5.3e-33	118.669418334961	0.00	2	147	65	222	64	222	0.91	Peroxiredoxin-2E-2, chloroplastic		0
PR2E1_ORYSJ	PR2E1_ORYSJ	232	Redoxin	-	147	4.2e-33	119.0	0.0	1	1	7.0e-36	6.0e-33	118.488845825195	0.01	2	147	73	229	72	229	0.91	Peroxiredoxin-2E-1, chloroplastic		0
MALF3_MALFU	MALF3_MALFU	166	Redoxin	-	147	1.9e-31	113.6	0.0	1	1	2.4e-34	2.1e-31	113.473930358887	0.04	3	147	3	163	1	163	0.91	Putative peroxiredoxin (Fragment)		0
AHP1_YEAST	AHP1_YEAST	176	Redoxin	-	147	5.8e-31	112.1	0.2	1	1	7.3e-34	6.3e-31	111.936241149902	0.16	10	147	13	173	4	173	0.89	Peroxiredoxin AHP1	4dss_A	0
MALF2_MALFU	MALF2_MALFU	177	Redoxin	-	147	7.5e-31	111.7	0.0	1	1	9.7e-34	8.4e-31	111.525314331055	0.03	3	142	11	169	9	174	0.85	Putative peroxiredoxin		0
PMP20_LIPKO	PMP20_LIPKO	166	Redoxin	-	147	9.2e-31	111.4	0.0	1	1	1.2e-33	1.0e-30	111.217353820801	0.05	11	146	22	162	2	163	0.89	Putative peroxisomal peroxiredoxin		0
PRX5_HAEIN	PRX5_HAEIN	241	Redoxin	-	147	9.3e-31	111.4	0.0	1	1	3.8e-33	3.3e-30	109.605140686035	0.01	2	147	5	159	4	159	0.89	Hybrid peroxiredoxin hyPrx5	1nm3_B	0
PRX2C_ORYSJ	PRX2C_ORYSJ	162	Redoxin	-	147	1.1e-30	111.1	0.0	1	1	1.5e-33	1.3e-30	110.932571411133	0.00	2	147	6	159	5	159	0.90	Peroxiredoxin-2C		0
PRX2_POPTR	PRX2_POPTR	162	Redoxin	-	147	1.3e-30	110.9	0.0	1	1	1.7e-33	1.4e-30	110.769828796387	0.01	2	147	6	159	5	159	0.91	Peroxiredoxin-2	1tp9_A	0
TPX_SHIFL	TPX_SHIFL	168	Redoxin	-	147	1.5e-30	110.7	0.1	1	1	2.1e-33	1.8e-30	110.467529296875	0.10	1	147	20	163	20	163	0.97	Thiol peroxidase		0
TPX_SHIDY	TPX_SHIDY	168	Redoxin	-	147	1.5e-30	110.7	0.1	1	1	2.1e-33	1.8e-30	110.467529296875	0.10	1	147	20	163	20	163	0.97	Thiol peroxidase		0
TPX_ECOLI	TPX_ECOLI	168	Redoxin	-	147	1.5e-30	110.7	0.1	1	1	2.1e-33	1.8e-30	110.467529296875	0.10	1	147	20	163	20	163	0.97	Thiol peroxidase	3hvx_B	0
TPX_ECOL6	TPX_ECOL6	168	Redoxin	-	147	1.5e-30	110.7	0.1	1	1	2.1e-33	1.8e-30	110.467529296875	0.10	1	147	20	163	20	163	0.97	Thiol peroxidase		0
TPX_ECO57	TPX_ECO57	168	Redoxin	-	147	1.5e-30	110.7	0.1	1	1	2.1e-33	1.8e-30	110.467529296875	0.10	1	147	20	163	20	163	0.97	Thiol peroxidase		0
RESA_BACC1	RESA_BACC1	173	Redoxin	-	147	2.9e-30	109.8	0.0	1	1	3.9e-33	3.3e-30	109.581787109375	0.02	3	142	38	163	36	171	0.93	Thiol-disulfide oxidoreductase ResA		0
RESA_BACHK	RESA_BACHK	173	Redoxin	-	147	2.9e-30	109.8	0.0	1	1	3.9e-33	3.3e-30	109.581787109375	0.02	3	142	38	163	36	171	0.93	Thiol-disulfide oxidoreductase ResA		0
PRX2E_ARATH	PRX2E_ARATH	234	Redoxin	-	147	4.5e-30	109.2	0.0	1	1	7.8e-33	6.8e-30	108.586753845215	0.01	2	147	75	231	74	231	0.90	Peroxiredoxin-2E, chloroplastic		0
PRX2B_ARATH	PRX2B_ARATH	162	Redoxin	-	147	1.5e-29	107.5	0.0	1	1	1.9e-32	1.7e-29	107.306686401367	0.02	2	147	6	159	5	159	0.91	Peroxiredoxin-2B		0
PRX2D_ARATH	PRX2D_ARATH	162	Redoxin	-	147	1.6e-29	107.4	0.0	1	1	2.1e-32	1.8e-29	107.197021484375	0.01	2	147	6	159	5	159	0.92	Peroxiredoxin-2D		0
PRDX5_HUMAN	PRDX5_HUMAN	214	Redoxin	-	147	1.8e-29	107.2	0.0	1	1	2.5e-32	2.2e-29	106.949745178223	0.01	1	137	57	200	57	211	0.91	Peroxiredoxin-5, mitochondrial	1hd2_A	0
PRX2C_ARATH	PRX2C_ARATH	162	Redoxin	-	147	1.8e-29	107.2	0.0	1	1	2.4e-32	2.1e-29	107.008903503418	0.01	2	147	6	159	5	159	0.92	Peroxiredoxin-2C		0
RESA_GEOTN	RESA_GEOTN	174	Redoxin	-	147	4.3e-29	106.0	0.0	1	1	6.6e-32	5.7e-29	105.595069885254	0.00	2	142	38	164	37	171	0.95	Thiol-disulfide oxidoreductase ResA		0
PMP20_SCHPO	PMP20_SCHPO	156	Redoxin	-	147	4.5e-29	105.9	0.0	1	1	5.8e-32	5.0e-29	105.775276184082	0.05	2	147	4	153	3	153	0.92	Peroxisomal membrane associated protein 20		0
RESA_BACAH	RESA_BACAH	173	Redoxin	-	147	6.4e-29	105.4	0.0	1	1	8.6e-32	7.4e-29	105.21501159668	0.01	3	138	38	162	36	171	0.94	Thiol-disulfide oxidoreductase ResA		0
RESA_BACAN	RESA_BACAN	173	Redoxin	-	147	6.4e-29	105.4	0.0	1	1	8.6e-32	7.4e-29	105.21501159668	0.01	3	138	38	162	36	171	0.94	Thiol-disulfide oxidoreductase ResA	4nmu_D	0
PRDX5_CHLAE	PRDX5_CHLAE	215	Redoxin	-	147	7.2e-29	105.3	0.0	1	1	1.1e-31	9.1e-29	104.92317199707	0.01	1	137	58	201	58	211	0.91	Peroxiredoxin-5, mitochondrial		0
RESA_GEOKA	RESA_GEOKA	174	Redoxin	-	147	9.9e-29	104.8	0.0	1	1	1.4e-31	1.2e-28	104.519500732422	0.00	2	138	38	163	37	172	0.95	Thiol-disulfide oxidoreductase ResA		0
PRDX5_PAPHA	PRDX5_PAPHA	215	Redoxin	-	147	1.0e-28	104.7	0.0	1	1	1.6e-31	1.3e-28	104.383354187012	0.01	1	137	58	201	58	211	0.91	Peroxiredoxin-5, mitochondrial		0
TPX_SALTY	TPX_SALTY	168	Redoxin	-	147	1.2e-28	104.6	0.1	1	1	1.7e-31	1.4e-28	104.285720825195	0.08	1	147	20	163	20	163	0.97	Thiol peroxidase		0
TPX_SALTI	TPX_SALTI	168	Redoxin	-	147	1.2e-28	104.5	0.1	1	1	1.7e-31	1.4e-28	104.285720825195	0.08	1	147	20	163	20	163	0.97	Thiol peroxidase		0
TPX_YERPE	TPX_YERPE	167	Redoxin	-	147	1.2e-28	104.5	0.0	1	1	1.7e-31	1.4e-28	104.288383483887	0.03	2	147	21	163	20	163	0.97	Thiol peroxidase		0
GSPRX_MARGR	GSPRX_MARGR	247	Redoxin	-	147	1.5e-28	104.2	0.0	1	1	4.4e-31	3.8e-28	102.920867919922	0.01	2	147	6	162	5	162	0.91	Glutathione amide-dependent peroxidase		0
RESA_BACCR	RESA_BACCR	173	Redoxin	-	147	1.9e-28	103.9	0.0	1	1	2.5e-31	2.2e-28	103.68620300293	0.01	3	138	38	162	36	171	0.94	Thiol-disulfide oxidoreductase ResA		0
RESA_BACLD	RESA_BACLD	177	Redoxin	-	147	2.4e-28	103.5	0.0	1	1	3.3e-31	2.8e-28	103.324226379395	0.02	2	143	37	167	36	171	0.95	Thiol-disulfide oxidoreductase ResA		0
PRXQ_ORYSI	PRXQ_ORYSI	217	Redoxin	-	147	3.2e-28	103.1	0.0	1	1	5.2e-31	4.5e-28	102.679321289062	0.02	2	141	72	205	71	212	0.92	Putative peroxiredoxin Q, chloroplastic		0
PRXQ_ORYSJ	PRXQ_ORYSJ	217	Redoxin	-	147	3.2e-28	103.1	0.0	1	1	5.2e-31	4.5e-28	102.679321289062	0.02	2	141	72	205	71	212	0.92	Peroxiredoxin Q, chloroplastic		0
PRDX5_BOVIN	PRDX5_BOVIN	219	Redoxin	-	147	5.0e-28	102.5	0.0	1	1	7.3e-31	6.3e-28	102.204460144043	0.01	1	137	62	205	62	216	0.91	Peroxiredoxin-5, mitochondrial		0
RESA_ALKHC	RESA_ALKHC	176	Redoxin	-	147	6.8e-28	102.1	0.0	1	1	9.4e-31	8.1e-28	101.849853515625	0.00	2	138	38	163	37	172	0.95	Thiol-disulfide oxidoreductase ResA		0
BCP_MYCTU	BCP_MYCTU	157	Redoxin	-	147	7.1e-28	102.0	0.0	1	1	9.3e-31	8.1e-28	101.855140686035	0.01	2	141	9	149	8	155	0.90	Putative peroxiredoxin Rv2521		0
BCP_MYCTO	BCP_MYCTO	157	Redoxin	-	147	7.1e-28	102.0	0.0	1	1	9.3e-31	8.1e-28	101.855140686035	0.01	2	141	9	149	8	155	0.90	Putative peroxiredoxin MT2597		0
RESA_BACCZ	RESA_BACCZ	173	Redoxin	-	147	1.3e-27	101.2	0.0	1	1	1.8e-30	1.5e-27	100.96004486084	0.02	3	138	38	162	36	171	0.94	Thiol-disulfide oxidoreductase ResA		0
PRXQ_WHEAT	PRXQ_WHEAT	217	Redoxin	-	147	1.4e-27	101.1	0.0	1	1	2.2e-30	1.9e-27	100.634300231934	0.02	6	141	76	205	71	212	0.91	Peroxiredoxin Q, chloroplastic		0
RESA_BACSK	RESA_BACSK	177	Redoxin	-	147	1.5e-27	101.0	0.0	1	1	2.3e-30	1.9e-27	100.612747192383	0.00	1	138	39	164	39	172	0.94	Probable thiol-disulfide oxidoreductase ResA		0
PRDX5_MOUSE	PRDX5_MOUSE	210	Redoxin	-	147	3.1e-27	100.0	0.0	1	1	4.4e-30	3.8e-27	99.6653747558594	0.00	1	137	53	196	53	207	0.91	Peroxiredoxin-5, mitochondrial		0
TPX_LISIN	TPX_LISIN	165	Redoxin	-	147	3.3e-27	99.9	0.0	1	1	4.5e-30	3.9e-27	99.6397705078125	0.05	1	147	19	159	19	159	0.94	Thiol peroxidase		0
PRDX5_RAT	PRDX5_RAT	213	Redoxin	-	147	3.8e-27	99.7	0.0	1	1	5.5e-30	4.7e-27	99.3607559204102	0.01	1	137	56	199	56	210	0.91	Peroxiredoxin-5, mitochondrial		0
PRX5_SYNY3	PRX5_SYNY3	189	Redoxin	-	147	4.1e-27	99.5	0.0	1	1	5.9e-30	5.1e-27	99.2601318359375	0.00	21	136	31	151	27	169	0.87	Peroxiredoxin sll1621		0
DSBE_VIBCH	DSBE_VIBCH	184	Redoxin	-	147	5.5e-27	99.2	0.0	1	1	8.1e-30	7.0e-27	98.8112716674805	0.00	2	136	41	163	40	172	0.94	Thiol:disulfide interchange protein DsbE		0
PRXQ_ARATH	PRXQ_ARATH	216	Redoxin	-	147	6.2e-27	99.0	0.0	1	1	1.0e-29	9.0e-27	98.4514694213867	0.02	2	144	71	207	70	210	0.91	Peroxiredoxin Q, chloroplastic		0
RESA_BACSU	RESA_BACSU	179	Redoxin	-	147	6.4e-27	98.9	0.0	1	1	8.6e-30	7.5e-27	98.7198257446289	0.04	2	141	38	166	37	172	0.94	Thiol-disulfide oxidoreductase ResA	2h1b_D	0
TPX_LISMF	TPX_LISMF	165	Redoxin	-	147	8.3e-27	98.6	0.1	1	1	1.1e-29	9.8e-27	98.33837890625	0.06	1	147	19	159	19	159	0.94	Thiol peroxidase		0
TPX_PSEAE	TPX_PSEAE	165	Redoxin	-	147	1.4e-26	97.9	0.0	1	1	1.9e-29	1.6e-26	97.6114196777344	0.02	1	147	19	162	19	162	0.96	Thiol peroxidase		0
TPX_RALSO	TPX_RALSO	166	Redoxin	-	147	1.5e-26	97.8	0.1	1	1	2.0e-29	1.7e-26	97.562614440918	0.14	2	147	20	162	19	162	0.96	Thiol peroxidase		0
TPX_LISMO	TPX_LISMO	165	Redoxin	-	147	2.9e-26	96.8	0.0	1	1	4.0e-29	3.5e-26	96.5603866577148	0.05	1	147	19	159	19	159	0.94	Thiol peroxidase		0
BCP_ECOLI	BCP_ECOLI	156	Redoxin	-	147	5.5e-26	95.9	0.0	1	1	7.5e-29	6.5e-26	95.6661605834961	0.02	1	133	5	138	5	149	0.90	Peroxiredoxin Bcp		0
BCP_ECO57	BCP_ECO57	156	Redoxin	-	147	5.5e-26	95.9	0.0	1	1	7.5e-29	6.5e-26	95.6661605834961	0.02	1	133	5	138	5	149	0.90	Putative peroxiredoxin bcp		0
BCP_SHIFL	BCP_SHIFL	156	Redoxin	-	147	5.5e-26	95.9	0.0	1	1	7.5e-29	6.5e-26	95.6661605834961	0.02	1	133	5	138	5	149	0.90	Putative peroxiredoxin bcp		0
BCP_ECOL6	BCP_ECOL6	156	Redoxin	-	147	5.5e-26	95.9	0.0	1	1	7.5e-29	6.5e-26	95.6661605834961	0.02	1	133	5	138	5	149	0.90	Putative peroxiredoxin bcp		0
PERQ_SEDLI	PERQ_SEDLI	186	Redoxin	-	147	5.9e-26	95.8	0.0	1	1	8.3e-29	7.1e-26	95.5350036621094	0.02	2	144	40	176	39	182	0.91	Peroxiredoxin Q, chloroplastic (Fragment)		0
PERQ_SUASA	PERQ_SUASA	214	Redoxin	-	147	6.6e-26	95.6	0.0	1	1	1.1e-28	9.6e-26	95.1171340942383	0.01	4	144	71	205	68	208	0.90	Peroxiredoxin Q, chloroplastic		0
TPX_CHLTE	TPX_CHLTE	168	Redoxin	-	147	8.2e-26	95.3	0.0	1	1	1.1e-28	9.9e-26	95.0819931030273	0.01	2	147	22	164	21	164	0.97	Thiol peroxidase		0
TPX_COREF	TPX_COREF	165	Redoxin	-	147	2.4e-25	93.8	0.0	1	1	3.3e-28	2.9e-25	93.5749740600586	0.02	2	146	20	160	19	161	0.95	Thiol peroxidase		0
PRXQ_POPJC	PRXQ_POPJC	213	Redoxin	-	147	2.7e-25	93.7	0.0	1	1	4.7e-28	4.0e-25	93.098030090332	0.02	3	144	69	204	67	209	0.91	Peroxiredoxin Q, chloroplastic		0
PMPB_CANBO	PMPB_CANBO	167	Redoxin	-	147	2.9e-25	93.6	0.0	1	1	3.7e-28	3.2e-25	93.4299774169922	0.00	3	146	7	163	5	164	0.82	Putative peroxiredoxin-B		0
TPX_STRMU	TPX_STRMU	161	Redoxin	-	147	2.9e-25	93.5	0.0	1	1	4.1e-28	3.5e-25	93.2779541015625	0.03	1	147	17	157	17	157	0.93	Thiol peroxidase		0
PMPA_CANBO	PMPA_CANBO	167	Redoxin	-	147	4.8e-25	92.9	0.0	1	1	6.0e-28	5.2e-25	92.7475280761719	0.00	3	146	7	163	5	164	0.82	Putative peroxiredoxin-A		0
RESA_OCEIH	RESA_OCEIH	192	Redoxin	-	147	4.8e-25	92.9	0.0	1	1	8.0e-28	6.9e-25	92.3421020507812	0.01	2	134	49	174	48	185	0.92	Thiol-disulfide oxidoreductase ResA		0
TPX_STAS1	TPX_STAS1	164	Redoxin	-	147	5.9e-25	92.6	0.1	1	1	8.4e-28	7.3e-25	92.26220703125	0.08	1	147	19	158	19	159	0.92	Thiol peroxidase		0
TPX_STAHJ	TPX_STAHJ	164	Redoxin	-	147	8.9e-25	92.0	0.1	1	1	1.2e-27	1.0e-24	91.7570953369141	0.06	2	147	20	158	19	158	0.93	Thiol peroxidase		0
PRX5_SINFN	PRX5_SINFN	188	Redoxin	-	147	1.1e-24	91.7	0.0	1	1	1.7e-27	1.5e-24	91.2691802978516	0.00	22	133	33	149	29	158	0.91	Peroxiredoxin y4vD		0
TPX_VIBCH	TPX_VIBCH	164	Redoxin	-	147	1.1e-24	91.7	0.0	1	1	1.5e-27	1.3e-24	91.4906845092773	0.03	1	147	18	161	18	161	0.96	Thiol peroxidase		0
TPX_STAAR	TPX_STAAR	164	Redoxin	-	147	1.4e-24	91.3	0.1	1	1	2.0e-27	1.7e-24	91.0645904541016	0.06	2	147	20	158	19	158	0.93	Thiol peroxidase		0
TPX_MYCTU	TPX_MYCTU	165	Redoxin	-	147	1.9e-24	90.9	0.0	1	1	2.5e-27	2.2e-24	90.732551574707	0.01	2	147	20	160	19	160	0.95	Thiol peroxidase	1y25_A	0
TPX_MYCTO	TPX_MYCTO	165	Redoxin	-	147	1.9e-24	90.9	0.0	1	1	2.5e-27	2.2e-24	90.732551574707	0.01	2	147	20	160	19	160	0.95	Thiol peroxidase		0
TPX_MYCBO	TPX_MYCBO	165	Redoxin	-	147	1.9e-24	90.9	0.0	1	1	2.5e-27	2.2e-24	90.732551574707	0.01	2	147	20	160	19	160	0.95	Thiol peroxidase		0
PRXQ_GENTR	PRXQ_GENTR	217	Redoxin	-	147	2.9e-24	90.3	0.0	1	1	4.5e-27	3.9e-24	89.8972778320312	0.01	6	144	76	208	71	211	0.90	Peroxiredoxin Q, chloroplastic		0
YNEN_BACSU	YNEN_BACSU	170	Redoxin	-	147	3.1e-24	90.2	0.1	1	1	4.6e-27	4.0e-24	89.8811874389648	0.12	1	144	34	164	34	168	0.92	Thioredoxin-like protein YneN		0
TPX_OCEIH	TPX_OCEIH	164	Redoxin	-	147	3.1e-24	90.2	0.0	1	1	4.2e-27	3.7e-24	89.9910507202148	0.04	1	147	19	159	19	159	0.91	Thiol peroxidase		0
TPX_STAAW	TPX_STAAW	164	Redoxin	-	147	3.4e-24	90.1	0.1	1	1	4.8e-27	4.1e-24	89.8162002563477	0.07	2	147	20	158	19	158	0.92	Thiol peroxidase		0
TPX_STAAS	TPX_STAAS	164	Redoxin	-	147	3.4e-24	90.1	0.1	1	1	4.8e-27	4.1e-24	89.8162002563477	0.07	2	147	20	158	19	158	0.92	Thiol peroxidase		0
TPX_STAAC	TPX_STAAC	164	Redoxin	-	147	3.4e-24	90.1	0.1	1	1	4.8e-27	4.1e-24	89.8162002563477	0.07	2	147	20	158	19	158	0.92	Thiol peroxidase		0
TPX_STAAN	TPX_STAAN	164	Redoxin	-	147	5.1e-24	89.5	0.1	1	1	7.1e-27	6.1e-24	89.265625	0.07	2	147	20	158	19	158	0.93	Thiol peroxidase		0
TPX_STAAM	TPX_STAAM	164	Redoxin	-	147	5.1e-24	89.5	0.1	1	1	7.1e-27	6.1e-24	89.265625	0.07	2	147	20	158	19	158	0.93	Thiol peroxidase		0
DSBE_TATCI	DSBE_TATCI	185	Redoxin	-	147	7.3e-24	89.0	0.0	1	1	1.1e-26	9.1e-24	88.7071838378906	0.00	2	137	41	165	40	173	0.94	Thiol:disulfide interchange protein DsbE		0
PRX5_RHIET	PRX5_RHIET	179	Redoxin	-	147	7.6e-24	89.0	0.0	1	1	1.2e-26	1.0e-23	88.5621719360352	0.00	21	129	32	145	28	155	0.89	Peroxiredoxin		0
TPX_VIBC3	TPX_VIBC3	164	Redoxin	-	147	8.4e-24	88.8	0.0	1	1	1.1e-26	9.7e-24	88.6200485229492	0.03	1	147	18	161	18	161	0.96	Thiol peroxidase		0
DSBE_YERPE	DSBE_YERPE	188	Redoxin	-	147	1.2e-23	88.3	0.0	1	1	1.7e-26	1.4e-23	88.0542602539062	0.00	3	136	47	169	45	177	0.94	Thiol:disulfide interchange protein DsbE		0
TPX_STRA3	TPX_STRA3	164	Redoxin	-	147	1.5e-23	88.0	0.0	1	1	2.1e-26	1.8e-23	87.7201309204102	0.05	1	143	17	153	17	157	0.90	Thiol peroxidase		0
PRX2F_ORYSJ	PRX2F_ORYSJ	198	Redoxin	-	147	2.1e-23	87.5	0.0	1	1	2.9e-26	2.5e-23	87.2563018798828	0.02	11	144	52	192	37	195	0.89	Peroxiredoxin-2F, mitochondrial		0
TPX_STRA5	TPX_STRA5	164	Redoxin	-	147	2.1e-23	87.5	0.0	1	1	3.0e-26	2.6e-23	87.2514038085938	0.04	1	143	17	153	17	157	0.90	Thiol peroxidase		0
PRX2F_ARATH	PRX2F_ARATH	201	Redoxin	-	147	2.3e-23	87.4	0.0	1	1	5.1e-26	4.4e-23	86.492790222168	0.02	12	143	56	194	37	198	0.87	Peroxiredoxin-2F, mitochondrial		0
TLPA_BRADU	TLPA_BRADU	221	Redoxin	-	147	5.6e-23	86.2	0.0	1	1	1.0e-25	8.9e-23	85.4983520507812	0.00	5	144	74	207	69	210	0.91	Thiol:disulfide interchange protein TlpA	4txo_E	0
TPX_PASMU	TPX_PASMU	165	Redoxin	-	147	1.0e-22	85.3	0.1	1	1	1.4e-25	1.2e-22	85.0916748046875	0.12	1	147	19	162	19	162	0.96	Thiol peroxidase		0
TPX_ALKHC	TPX_ALKHC	166	Redoxin	-	147	1.0e-22	85.3	0.1	1	1	1.4e-25	1.2e-22	85.0426864624023	0.13	1	147	19	159	19	159	0.88	Thiol peroxidase		0
TPX_STRGN	TPX_STRGN	163	Redoxin	-	147	1.5e-22	84.8	0.1	1	1	2.0e-25	1.8e-22	84.537712097168	0.10	1	147	17	157	17	157	0.92	Thiol peroxidase		0
TPX_STRSA	TPX_STRSA	163	Redoxin	-	147	1.5e-22	84.8	0.1	1	1	2.0e-25	1.8e-22	84.537712097168	0.10	1	147	17	157	17	157	0.92	Thiol peroxidase		0
BCP_BACSU	BCP_BACSU	157	Redoxin	-	147	2.0e-22	84.4	0.0	1	1	2.6e-25	2.2e-22	84.1901397705078	0.01	3	136	6	140	4	151	0.88	Peroxiredoxin Bcp		0
TPX_STRPN	TPX_STRPN	163	Redoxin	-	147	2.2e-22	84.2	0.0	1	1	2.9e-25	2.5e-22	84.0236129760742	0.02	1	147	17	157	17	157	0.93	Thiol peroxidase	1psq_B	0
TPX_STRP2	TPX_STRP2	163	Redoxin	-	147	2.2e-22	84.2	0.0	1	1	2.9e-25	2.5e-22	84.0236129760742	0.02	1	147	17	157	17	157	0.93	Thiol peroxidase		0
TPX_STRR6	TPX_STRR6	163	Redoxin	-	147	2.2e-22	84.2	0.0	1	1	2.9e-25	2.5e-22	84.0236129760742	0.02	1	147	17	157	17	157	0.93	Thiol peroxidase		0
DSBE_ECO57	DSBE_ECO57	185	Redoxin	-	147	4.3e-22	83.3	0.0	1	1	6.3e-25	5.4e-22	82.946159362793	0.00	3	137	42	165	40	173	0.93	Thiol:disulfide interchange protein DsbE		0
DSBE_SHIFL	DSBE_SHIFL	185	Redoxin	-	147	4.3e-22	83.3	0.0	1	1	6.3e-25	5.4e-22	82.946159362793	0.00	3	137	42	165	40	173	0.93	Thiol:disulfide interchange protein DsbE		0
DSBE_ECOLI	DSBE_ECOLI	185	Redoxin	-	147	4.3e-22	83.3	0.0	1	1	6.3e-25	5.4e-22	82.946159362793	0.00	3	137	42	165	40	173	0.93	Thiol:disulfide interchange protein DsbE	3k8n_A	0
DSBE_SALTY	DSBE_SALTY	185	Redoxin	-	147	7.3e-22	82.5	0.0	1	1	1.1e-24	9.3e-22	82.188117980957	0.00	2	137	41	165	40	173	0.93	Thiol:disulfide interchange protein DsbE		0
DSBE_SALTI	DSBE_SALTI	185	Redoxin	-	147	9.6e-22	82.1	0.0	1	1	1.4e-24	1.2e-21	81.7940292358398	0.00	2	137	41	165	40	173	0.92	Thiol:disulfide interchange protein DsbE		0
TPX_STAES	TPX_STAES	164	Redoxin	-	147	1.3e-21	81.7	0.0	1	1	1.9e-24	1.6e-21	81.4118118286133	0.04	2	146	20	157	19	159	0.90	Thiol peroxidase		0
TPX_STAEQ	TPX_STAEQ	164	Redoxin	-	147	1.3e-21	81.7	0.0	1	1	1.9e-24	1.6e-21	81.4118118286133	0.04	2	146	20	157	19	159	0.90	Thiol peroxidase		0
PRX2A_ARATH	PRX2A_ARATH	553	Redoxin	-	147	1.3e-21	81.7	0.0	1	1	9.1e-23	7.9e-20	75.9351348876953	0.01	2	133	6	141	5	146	0.91	Peroxiredoxin-2A		0
BCP_COXBU	BCP_COXBU	151	Redoxin	-	147	2.0e-21	81.1	0.1	1	1	2.7e-24	2.3e-21	80.917610168457	0.07	2	130	5	134	4	148	0.91	Putative peroxiredoxin bcp		0
TPX_CORGL	TPX_CORGL	165	Redoxin	-	147	2.1e-21	81.1	0.0	1	1	2.9e-24	2.5e-21	80.7792892456055	0.02	1	147	19	161	19	161	0.95	Thiol peroxidase		0
TPX_BACSU	TPX_BACSU	167	Redoxin	-	147	2.8e-21	80.7	0.0	1	1	3.9e-24	3.4e-21	80.3595428466797	0.03	1	144	19	156	19	159	0.90	Thiol peroxidase	2jsy_A	0
TDXH_AQUAE	TDXH_AQUAE	222	Redoxin	-	147	7.4e-21	79.3	0.0	1	1	1.2e-23	1.0e-20	78.8456344604492	0.01	3	143	10	151	8	155	0.88	Peroxiredoxin	5ovq_K	0
BCP_HAEIN	BCP_HAEIN	155	Redoxin	-	147	7.8e-21	79.2	0.0	1	1	1.1e-23	9.3e-21	78.9427871704102	0.01	2	132	6	137	5	148	0.91	Putative peroxiredoxin bcp		0
TPX_HAEIN	TPX_HAEIN	165	Redoxin	-	147	3.1e-20	77.2	0.0	1	1	4.1e-23	3.5e-20	77.0722122192383	0.03	3	147	20	161	11	161	0.92	Thiol peroxidase	1q98_B	0
TPX_STRPA	TPX_STRPA	164	Redoxin	-	147	3.5e-20	77.1	0.0	1	1	4.8e-23	4.1e-20	76.8388824462891	0.01	2	147	18	157	17	157	0.91	Thiol peroxidase		0
NRX1_ARATH	NRX1_ARATH	578	Redoxin	-	147	3.7e-20	77.0	0.0	1	3	3.2e-09	2.8e-06	31.99680519104	0.00	8	129	26	138	9	151	0.80	Probable nucleoredoxin 1	1v5n_A	0
NRX1_ARATH	NRX1_ARATH	578	Redoxin	-	147	3.7e-20	77.0	0.0	2	3	0.0012	1.1	13.8568887710571	0.01	15	135	190	304	181	312	0.79	Probable nucleoredoxin 1	1v5n_A	0
NRX1_ARATH	NRX1_ARATH	578	Redoxin	-	147	3.7e-20	77.0	0.0	3	3	1.0e-07	8.7e-05	27.1294231414795	0.01	15	76	350	410	328	441	0.85	Probable nucleoredoxin 1	1v5n_A	0
DSBE_ALLVD	DSBE_ALLVD	181	Redoxin	-	147	4.2e-20	76.8	0.0	1	1	6.0e-23	5.2e-20	76.5298767089844	0.00	2	136	38	161	37	169	0.92	Thiol:disulfide interchange protein DsbE		0
DSBE_HAEIN	DSBE_HAEIN	181	Redoxin	-	147	6.1e-20	76.3	0.0	1	1	9.0e-23	7.8e-20	75.9486923217773	0.00	2	137	40	163	39	174	0.89	Thiol:disulfide interchange protein DsbE		0
BCP_HELPJ	BCP_HELPJ	152	Redoxin	-	147	1.3e-19	75.2	0.0	1	1	1.7e-22	1.5e-19	75.0456085205078	0.03	2	137	6	142	5	152	0.87	Putative peroxiredoxin bcp		0
BCPB_MYCTO	BCPB_MYCTO	154	Redoxin	-	147	1.5e-19	75.0	0.0	1	1	2.1e-22	1.8e-19	74.7652816772461	0.02	1	146	2	144	2	147	0.90	Putative peroxiredoxin MT1643		0
BCPB_MYCTU	BCPB_MYCTU	154	Redoxin	-	147	1.5e-19	75.0	0.0	1	1	2.1e-22	1.8e-19	74.7652816772461	0.02	1	146	2	144	2	147	0.90	Putative peroxiredoxin Rv1608c	5epf_A	0
DSBE_PSEAE	DSBE_PSEAE	180	Redoxin	-	147	2.9e-19	74.1	0.0	1	1	4.1e-22	3.6e-19	73.8048400878906	0.00	3	137	37	159	35	170	0.93	Thiol:disulfide interchange protein DsbE	3kh7_A	0
TPX_HELPJ	TPX_HELPJ	166	Redoxin	-	147	3.0e-19	74.1	0.0	1	1	4.0e-22	3.5e-19	73.8345718383789	0.00	1	147	19	162	19	162	0.95	Thiol peroxidase		0
BCP_HELPY	BCP_HELPY	152	Redoxin	-	147	3.2e-19	74.0	0.0	1	1	4.0e-22	3.5e-19	73.8459777832031	0.03	2	137	6	142	5	152	0.88	Putative peroxiredoxin bcp		0
TDXH2_THEAC	TDXH2_THEAC	199	Redoxin	-	147	3.8e-19	73.7	0.0	1	1	5.9e-22	5.1e-19	73.3136367797852	0.00	3	145	2	142	1	145	0.86	Peroxiredoxin 2		0
TPX_HELPY	TPX_HELPY	166	Redoxin	-	147	4.6e-19	73.4	0.0	1	1	6.2e-22	5.4e-19	73.2219161987305	0.00	1	147	19	162	19	162	0.95	Thiol peroxidase		0
TPX_AQUAE	TPX_AQUAE	169	Redoxin	-	147	4.9e-19	73.4	0.2	1	1	6.9e-22	5.9e-19	73.0892868041992	0.15	1	146	20	161	20	162	0.89	Thiol peroxidase	2yzh_D	0
TDXH_THEVO	TDXH_THEVO	203	Redoxin	-	147	7.0e-19	72.9	0.0	1	1	1.2e-21	1.0e-18	72.3505783081055	0.00	3	145	6	146	5	150	0.86	Peroxiredoxin		0
DOT5_YEAST	DOT5_YEAST	215	Redoxin	-	147	7.3e-19	72.8	0.0	1	1	1.1e-21	9.8e-19	72.3826675415039	0.01	3	143	66	201	64	205	0.83	Peroxiredoxin DOT5	2a4v_A	0
TPX_LEPIC	TPX_LEPIC	171	Redoxin	-	147	1.0e-18	72.3	0.0	1	1	1.5e-21	1.3e-18	72.0137329101562	0.02	2	147	20	164	19	164	0.86	Thiol peroxidase		0
TPX_LEPIN	TPX_LEPIN	171	Redoxin	-	147	1.0e-18	72.3	0.0	1	1	1.5e-21	1.3e-18	72.0137329101562	0.02	2	147	20	164	19	164	0.86	Thiol peroxidase		0
TDXH2_PICTO	TDXH2_PICTO	201	Redoxin	-	147	1.2e-18	72.1	0.0	1	1	1.9e-21	1.7e-18	71.6461791992188	0.00	3	146	6	147	5	148	0.88	Peroxiredoxin 2		0
BCP_BUCAP	BCP_BUCAP	158	Redoxin	-	147	1.7e-18	71.6	0.0	1	1	2.2e-21	1.9e-18	71.421760559082	0.04	1	131	5	136	5	150	0.91	Putative peroxiredoxin bcp		0
STOA_BACSU	STOA_BACSU	165	Redoxin	-	147	2.0e-18	71.4	0.0	1	1	2.7e-21	2.3e-18	71.1792526245117	0.02	22	138	48	157	27	164	0.89	Sporulation thiol-disulfide oxidoreductase A	3erw_C	0
TDX_ECHGR	TDX_ECHGR	193	Redoxin	-	147	2.1e-18	71.3	0.0	1	1	2.9e-21	2.5e-18	71.0370254516602	0.00	2	142	5	151	4	156	0.86	Thioredoxin peroxidase		0
PRDX_ASCSU	PRDX_ASCSU	195	Redoxin	-	147	2.3e-18	71.2	0.0	1	1	3.6e-21	3.1e-18	70.7700042724609	0.00	3	143	7	151	5	155	0.85	Peroxiredoxin		0
PRX_SCHPO	PRX_SCHPO	195	Redoxin	-	147	3.8e-18	70.5	0.0	1	1	6.5e-21	5.6e-18	69.9313049316406	0.00	1	107	47	150	47	176	0.91	Peroxiredoxin bcp1		0
TDXH2_CALS4	TDXH2_CALS4	221	Redoxin	-	147	5.1e-18	70.1	0.0	1	1	7.7e-21	6.7e-18	69.67529296875	0.00	3	128	18	145	16	156	0.86	Peroxiredoxin 2		0
DSBE_PSEFC	DSBE_PSEFC	178	Redoxin	-	147	5.3e-18	70.0	0.0	1	1	7.5e-21	6.4e-18	69.7273483276367	0.01	3	136	37	157	35	168	0.89	Thiol:disulfide interchange protein DsbE		0
TPX_CAMJE	TPX_CAMJE	175	Redoxin	-	147	2.7e-17	67.7	0.0	1	1	3.9e-20	3.4e-17	67.4041366577148	0.03	2	141	20	157	19	162	0.90	Thiol peroxidase		0
NRX12_ORYSJ	NRX12_ORYSJ	581	Redoxin	-	147	4.0e-17	67.1	0.0	1	2	9.8e-08	8.5e-05	27.1626758575439	0.01	18	136	31	144	18	152	0.75	Probable nucleoredoxin 1-2		0
NRX12_ORYSJ	NRX12_ORYSJ	581	Redoxin	-	147	4.0e-17	67.1	0.0	2	2	9.3e-10	8.0e-07	33.7279167175293	0.01	9	125	350	457	344	470	0.69	Probable nucleoredoxin 1-2		0
TSA1_YEAST	TSA1_YEAST	196	Redoxin	-	147	4.6e-17	67.0	0.0	1	1	1.1e-19	9.3e-17	65.9595108032227	0.00	2	145	5	151	4	156	0.85	Peroxiredoxin TSA1	3sbc_E	0
NRX11_ORYSJ	NRX11_ORYSJ	569	Redoxin	-	147	4.6e-17	66.9	0.0	1	2	6.8e-07	0.00059	24.4327449798584	0.02	17	137	23	138	11	146	0.75	Probable nucleoredoxin 1-1		0
NRX11_ORYSJ	NRX11_ORYSJ	569	Redoxin	-	147	4.6e-17	66.9	0.0	2	2	3.3e-09	2.8e-06	31.9637966156006	0.00	9	130	343	455	334	467	0.75	Probable nucleoredoxin 1-1		0
TDXH_HYPBU	TDXH_HYPBU	232	Redoxin	-	147	5.0e-17	66.8	0.0	1	1	8.2e-20	7.1e-17	66.3443984985352	0.01	3	137	9	145	7	154	0.83	Peroxiredoxin		0
PRDX2_MOUSE	PRDX2_MOUSE	198	Redoxin	-	147	5.4e-17	66.7	0.0	1	1	8.1e-20	7.0e-17	66.360725402832	0.00	3	139	9	151	7	158	0.88	Peroxiredoxin-2		0
PRDX2_CRIGR	PRDX2_CRIGR	198	Redoxin	-	147	5.7e-17	66.7	0.0	1	1	8.5e-20	7.4e-17	66.2958831787109	0.00	3	139	9	151	7	158	0.88	Peroxiredoxin-2		0
PRDX2_RAT	PRDX2_RAT	198	Redoxin	-	147	6.6e-17	66.5	0.0	1	1	9.8e-20	8.5e-17	66.0919036865234	0.00	3	139	9	151	7	158	0.88	Peroxiredoxin-2		0
AHPC_BUCAI	AHPC_BUCAI	197	Redoxin	-	147	8.6e-17	66.1	0.0	1	1	1.2e-19	1.0e-16	65.8401489257812	0.01	5	134	7	144	3	155	0.87	Alkyl hydroperoxide reductase C		0
Y755_SYNY3	Y755_SYNY3	200	Redoxin	-	147	8.8e-17	66.1	0.0	1	1	1.3e-19	1.1e-16	65.7539367675781	0.00	2	134	7	144	6	158	0.87	Putative peroxiredoxin sll0755		0
AHPE_MYCTU	AHPE_MYCTU	153	Redoxin	-	147	9.5e-17	65.9	0.0	1	1	1.3e-19	1.1e-16	65.712776184082	0.00	2	133	4	133	3	143	0.88	Alkyl hydroperoxide reductase E	4xih_A	0
AHPE_MYCTO	AHPE_MYCTO	153	Redoxin	-	147	9.5e-17	65.9	0.0	1	1	1.3e-19	1.1e-16	65.712776184082	0.00	2	133	4	133	3	143	0.88	Alkyl hydroperoxide reductase E	4x0x_C	0
AHPE_MYCBO	AHPE_MYCBO	153	Redoxin	-	147	9.5e-17	65.9	0.0	1	1	1.3e-19	1.1e-16	65.712776184082	0.00	2	133	4	133	3	143	0.88	Alkyl hydroperoxide reductase E		0
TPX_CLOAB	TPX_CLOAB	164	Redoxin	-	147	1.1e-16	65.7	0.0	1	1	1.5e-19	1.3e-16	65.4777450561523	0.03	1	147	18	157	18	157	0.92	Thiol peroxidase		0
DSBE_PASMU	DSBE_PASMU	181	Redoxin	-	147	1.1e-16	65.7	0.0	1	1	1.7e-19	1.5e-16	65.3186569213867	0.00	18	138	55	164	40	171	0.85	Thiol:disulfide interchange protein DsbE		0
PRDX2_PONAB	PRDX2_PONAB	177	Redoxin	-	147	1.7e-16	65.1	0.0	1	1	2.5e-19	2.2e-16	64.7848129272461	0.00	3	139	9	151	7	158	0.88	Peroxiredoxin-2		0
TDXH_STAMF	TDXH_STAMF	235	Redoxin	-	147	3.1e-16	64.3	0.0	1	1	5.0e-19	4.3e-16	63.8152770996094	0.00	3	144	9	150	7	153	0.87	Peroxiredoxin		0
PRDX2_MACFA	PRDX2_MACFA	198	Redoxin	-	147	4.1e-16	63.9	0.0	1	1	6.1e-19	5.3e-16	63.5252456665039	0.00	3	139	9	151	7	158	0.88	Peroxiredoxin-2		0
PRDX2_HUMAN	PRDX2_HUMAN	198	Redoxin	-	147	4.1e-16	63.9	0.0	1	1	6.1e-19	5.3e-16	63.5252456665039	0.00	3	139	9	151	7	158	0.88	Peroxiredoxin-2	5b8a_A	0
TSA2_YEAST	TSA2_YEAST	196	Redoxin	-	147	6.0e-16	63.3	0.0	1	1	2.1e-18	1.8e-15	61.8083915710449	0.00	4	141	7	150	4	156	0.85	Peroxiredoxin TSA2	6utl_B	0
PRDX2_BOVIN	PRDX2_BOVIN	199	Redoxin	-	147	9.5e-16	62.7	0.0	1	1	1.5e-18	1.3e-15	62.2771797180176	0.00	2	138	9	150	8	159	0.87	Peroxiredoxin-2		0
TPX1_SCHPO	TPX1_SCHPO	192	Redoxin	-	147	9.6e-16	62.7	0.0	1	1	1.3e-18	1.1e-15	62.4687805175781	0.00	3	142	6	151	4	156	0.90	Peroxiredoxin tpx1		0
PRDX4_DICDI	PRDX4_DICDI	259	Redoxin	-	147	1.1e-15	62.4	0.0	1	1	2.0e-18	1.8e-15	61.8305244445801	0.00	5	138	71	209	67	219	0.88	Peroxiredoxin-4		0
PRDX1_HUMAN	PRDX1_HUMAN	199	Redoxin	-	147	2.0e-15	61.6	0.0	1	1	3.0e-18	2.6e-15	61.2961196899414	0.01	3	138	9	150	7	159	0.85	Peroxiredoxin-1	4xcs_A	0
TSA1B_CANAL	TSA1B_CANAL	196	Redoxin	-	147	2.0e-15	61.6	0.0	1	1	3.3e-18	2.9e-15	61.1379890441895	0.01	4	138	7	146	5	154	0.84	Peroxiredoxin TSA1-B		1
TDXH2_SULTO	TDXH2_SULTO	212	Redoxin	-	147	2.1e-15	61.6	0.0	1	1	3.7e-18	3.2e-15	60.9768257141113	0.00	3	136	10	145	8	154	0.83	Peroxiredoxin 2		0
PRXU_PEPAC	PRXU_PEPAC	203	Redoxin	-	147	2.3e-15	61.4	0.0	1	1	3.4e-18	2.9e-15	61.1147804260254	0.00	2	141	4	149	3	155	0.89	Selenocysteine-containing peroxiredoxin PrxU		0
PRDX3_RAT	PRDX3_RAT	257	Redoxin	-	147	2.7e-15	61.2	0.0	1	1	4.6e-18	4.0e-15	60.6635093688965	0.00	4	138	68	207	65	214	0.86	Thioredoxin-dependent peroxide reductase, mitochondrial		0
TDXH_SACS2	TDXH_SACS2	215	Redoxin	-	147	2.7e-15	61.2	0.0	1	1	5.0e-18	4.4e-15	60.5472946166992	0.00	3	136	10	145	8	157	0.81	Peroxiredoxin		0
PRDX3_MOUSE	PRDX3_MOUSE	257	Redoxin	-	147	3.9e-15	60.7	0.0	1	1	6.7e-18	5.8e-15	60.1444473266602	0.01	6	138	70	207	58	216	0.85	Thioredoxin-dependent peroxide reductase, mitochondrial		0
TDX_FASHE	TDX_FASHE	194	Redoxin	-	147	6.0e-15	60.1	0.0	1	1	8.3e-18	7.2e-15	59.8421249389648	0.00	1	143	3	151	3	155	0.86	Thioredoxin peroxidase		0
AHPC_BUCAP	AHPC_BUCAP	198	Redoxin	-	147	8.0e-15	59.7	0.0	1	1	1.1e-17	9.6e-15	59.4391746520996	0.01	3	136	5	146	3	155	0.85	Alkyl hydroperoxide reductase C		0
TDXH_IGNH4	TDXH_IGNH4	234	Redoxin	-	147	8.7e-15	59.6	0.0	1	1	1.4e-17	1.2e-14	59.1324501037598	0.00	3	137	9	145	7	156	0.88	Peroxiredoxin		0
PRDX1_RAT	PRDX1_RAT	199	Redoxin	-	147	1.0e-14	59.4	0.0	1	1	1.5e-17	1.3e-14	59.0029716491699	0.00	3	138	9	150	7	159	0.86	Peroxiredoxin-1	2z9s_F	0
R20K_CLOPA	R20K_CLOPA	178	Redoxin	-	147	1.2e-14	59.1	0.0	1	1	1.7e-17	1.4e-14	58.8627586364746	0.00	2	141	5	152	4	158	0.87	Putative peroxiredoxin in rubredoxin operon		0
AHPC_BUCBP	AHPC_BUCBP	199	Redoxin	-	147	1.3e-14	59.1	0.0	1	1	1.9e-17	1.6e-14	58.6823959350586	0.01	5	136	7	146	4	158	0.84	Alkyl hydroperoxide reductase C		0
PRDX1_MYOLU	PRDX1_MYOLU	199	Redoxin	-	147	1.3e-14	59.0	0.0	1	1	2.0e-17	1.7e-14	58.6020622253418	0.00	3	138	9	150	7	159	0.87	Peroxiredoxin-1		0
YCF42_PYRYE	YCF42_PYRYE	199	Redoxin	-	147	1.4e-14	59.0	0.0	1	1	1.8e-17	1.6e-14	58.730224609375	0.00	2	133	10	145	9	160	0.88	Putative peroxiredoxin ycf42		0
TDXH1_PICTO	TDXH1_PICTO	227	Redoxin	-	147	1.4e-14	58.9	0.0	1	1	2.1e-17	1.9e-14	58.5072441101074	0.00	3	143	9	152	7	156	0.85	Peroxiredoxin 1		0
AHPC_HELPJ	AHPC_HELPJ	198	Redoxin	-	147	1.5e-14	58.8	0.0	1	1	2.1e-17	1.8e-14	58.5290489196777	0.02	4	136	5	144	2	153	0.82	Alkyl hydroperoxide reductase C	1zof_B	0
CR29_ENTHI	CR29_ENTHI	233	Redoxin	-	147	2.1e-14	58.3	0.0	1	1	3.2e-17	2.8e-14	57.9408836364746	0.00	3	136	44	183	42	193	0.88	Putative peroxiredoxin		0
PRDX1_MOUSE	PRDX1_MOUSE	199	Redoxin	-	147	2.3e-14	58.2	0.0	1	1	3.4e-17	2.9e-14	57.8597450256348	0.00	3	138	9	150	7	157	0.86	Peroxiredoxin-1		0
PRDX3_PONAB	PRDX3_PONAB	256	Redoxin	-	147	2.9e-14	57.9	0.0	1	1	5.6e-17	4.8e-14	57.1619415283203	0.00	6	138	69	206	59	215	0.84	Thioredoxin-dependent peroxide reductase, mitochondrial		0
PRDX3_HUMAN	PRDX3_HUMAN	256	Redoxin	-	147	3.1e-14	57.8	0.0	1	1	5.8e-17	5.0e-14	57.1017112731934	0.00	6	138	69	206	61	215	0.84	Thioredoxin-dependent peroxide reductase, mitochondrial	5ucx_C	0
PRDX_CHAMQ	PRDX_CHAMQ	195	Redoxin	-	147	3.3e-14	57.7	0.0	1	1	4.7e-17	4.1e-14	57.398624420166	0.01	2	135	5	143	4	155	0.85	2-cysteine peroxiredoxin, chloroplastic		0
BAS1_SPIOL	BAS1_SPIOL	265	Redoxin	-	147	4.1e-14	57.4	0.0	1	1	2.4e-16	2.1e-13	55.0773315429688	0.01	2	131	75	210	74	222	0.86	2-Cys peroxiredoxin BAS1, chloroplastic		0
BAS1A_ARATH	BAS1A_ARATH	266	Redoxin	-	147	4.3e-14	57.3	0.0	1	1	2.5e-16	2.1e-13	55.0633354187012	0.01	2	131	75	210	74	222	0.86	2-Cys peroxiredoxin BAS1, chloroplastic	5zte_G	0
PRDX1_BOVIN	PRDX1_BOVIN	199	Redoxin	-	147	4.4e-14	57.3	0.0	1	1	6.6e-17	5.7e-14	56.9272041320801	0.00	3	138	9	150	7	159	0.86	Peroxiredoxin-1		0
AHPC_HELPY	AHPC_HELPY	198	Redoxin	-	147	4.9e-14	57.1	0.0	1	1	6.9e-17	6.0e-14	56.8537483215332	0.02	4	136	5	144	2	153	0.82	Alkyl hydroperoxide reductase C		0
PRDX3_BOVIN	PRDX3_BOVIN	257	Redoxin	-	147	5.0e-14	57.1	0.0	1	1	8.6e-17	7.4e-14	56.5530891418457	0.00	6	138	70	207	62	216	0.83	Thioredoxin-dependent peroxide reductase, mitochondrial	1zye_G	0
BAS1B_ARATH	BAS1B_ARATH	273	Redoxin	-	147	5.2e-14	57.0	0.0	1	1	8.6e-17	7.4e-14	56.5538902282715	0.00	2	131	82	217	81	229	0.87	2-Cys peroxiredoxin BAS1-like, chloroplastic		0
PRDX1_DROME	PRDX1_DROME	194	Redoxin	-	147	6.6e-14	56.7	0.0	1	1	9.7e-17	8.4e-14	56.3856391906738	0.00	4	138	6	145	3	154	0.88	Peroxiredoxin 1		0
CCMG_PARDP	CCMG_PARDP	179	Redoxin	-	147	8.4e-14	56.4	0.0	1	1	1.4e-16	1.2e-13	55.8955764770508	0.00	3	137	40	161	38	171	0.84	Thiol:disulfide interchange protein DsbE homolog		0
TDX_TRYBR	TDX_TRYBR	199	Redoxin	-	147	8.5e-14	56.4	0.0	1	1	1.3e-16	1.1e-13	56.0156021118164	0.01	4	138	10	150	7	159	0.83	Thioredoxin peroxidase		0
DSBE_XYLFA	DSBE_XYLFA	197	Redoxin	-	147	1.1e-13	56.0	0.0	1	1	1.6e-16	1.4e-13	55.6720428466797	0.00	3	137	46	169	44	177	0.93	Thiol:disulfide interchange protein DsbE		0
YKUU_BACSU	YKUU_BACSU	180	Redoxin	-	147	1.1e-13	56.0	0.0	1	1	1.5e-16	1.3e-13	55.7707099914551	0.00	2	142	6	155	5	160	0.88	Putative peroxiredoxin YkuU		0
CYCY_BRADU	CYCY_BRADU	194	Redoxin	-	147	1.3e-13	55.7	0.0	1	1	2.0e-16	1.7e-13	55.3804016113281	0.00	22	144	74	182	49	185	0.87	Thiol:disulfide interchange protein CycY	1kng_A	0
TDXH_THEMA	TDXH_THEMA	215	Redoxin	-	147	1.5e-13	55.5	0.0	1	1	2.4e-16	2.0e-13	55.1287498474121	0.00	3	138	9	146	7	156	0.86	Peroxiredoxin		0
PRDX_CAEEL	PRDX_CAEEL	201	Redoxin	-	147	1.5e-13	55.5	0.0	1	1	2.6e-16	2.3e-13	54.9810981750488	0.01	3	138	13	153	12	161	0.80	Peroxiredoxin prdx-2		0
PRDX1_CHICK	PRDX1_CHICK	199	Redoxin	-	147	1.7e-13	55.4	0.0	1	1	2.7e-16	2.3e-13	54.948429107666	0.00	3	138	9	150	8	159	0.83	Peroxiredoxin-1		0
BAS1_ORYSJ	BAS1_ORYSJ	261	Redoxin	-	147	1.7e-13	55.4	0.0	1	1	2.7e-16	2.3e-13	54.9456214904785	0.01	2	131	70	205	69	217	0.87	2-Cys peroxiredoxin BAS1, chloroplastic		0
AHPC_MYCS2	AHPC_MYCS2	195	Redoxin	-	147	2.0e-13	55.1	0.0	1	1	2.6e-16	2.3e-13	54.974983215332	0.05	12	146	29	161	5	165	0.82	Alkyl hydroperoxide reductase C		0
TDXH_THEP1	TDXH_THEP1	215	Redoxin	-	147	2.1e-13	55.1	0.0	1	1	3.4e-16	2.9e-13	54.6314353942871	0.00	3	138	9	146	7	155	0.86	Peroxiredoxin		0
DSBE_XYLFT	DSBE_XYLFT	197	Redoxin	-	147	2.2e-13	55.0	0.0	1	1	3.3e-16	2.8e-13	54.6587104797363	0.00	3	137	46	169	44	177	0.93	Thiol:disulfide interchange protein DsbE		0
PRDX1_GEKJA	PRDX1_GEKJA	199	Redoxin	-	147	2.4e-13	54.9	0.0	1	1	3.8e-16	3.3e-13	54.4690856933594	0.00	3	138	9	150	8	159	0.86	Peroxiredoxin-1		0
TDXH_METMA	TDXH_METMA	219	Redoxin	-	147	2.6e-13	54.8	0.0	1	1	4.0e-16	3.5e-13	54.3812103271484	0.02	3	136	5	147	3	159	0.89	Peroxiredoxin		0
REHY_ARATH	REHY_ARATH	216	Redoxin	-	147	2.6e-13	54.8	0.0	1	1	4.3e-16	3.7e-13	54.2776527404785	0.00	3	147	7	151	5	151	0.94	1-Cys peroxiredoxin PER1		0
YCF42_PORPU	YCF42_PORPU	199	Redoxin	-	147	2.7e-13	54.7	0.0	1	1	3.7e-16	3.2e-13	54.4829635620117	0.00	1	135	9	147	9	160	0.87	Putative peroxiredoxin ycf42		0
BAS1_HORVU	BAS1_HORVU	210	Redoxin	-	147	2.8e-13	54.7	0.0	1	1	4.0e-16	3.5e-13	54.376335144043	0.01	2	131	20	155	19	169	0.85	2-Cys peroxiredoxin BAS1, chloroplastic (Fragment)		0
BAS1_WHEAT	BAS1_WHEAT	210	Redoxin	-	147	2.8e-13	54.7	0.0	1	1	4.2e-16	3.6e-13	54.3138656616211	0.01	2	131	20	155	19	168	0.85	2-Cys peroxiredoxin BAS1, chloroplastic (Fragment)		0
NRFX_PASMU	NRFX_PASMU	188	Redoxin	-	147	3.8e-13	54.3	0.0	1	1	5.9e-16	5.1e-13	53.8429183959961	0.00	3	137	45	166	43	172	0.94	Probable thiol:disulfide interchange protein DsbE-2		0
TDXH_THEKO	TDXH_THEKO	216	Redoxin	-	147	4.4e-13	54.1	0.0	1	1	7.1e-16	6.1e-13	53.5803451538086	0.00	3	136	5	141	4	151	0.85	Peroxiredoxin	6iu0_B	0
BCP_XANCP	BCP_XANCP	160	Redoxin	-	147	4.4e-13	54.0	0.0	1	1	6.0e-16	5.2e-13	53.8024101257324	0.01	7	131	9	138	5	154	0.86	Peroxiredoxin Bcp	5imc_A	0
REHY_HORVU	REHY_HORVU	218	Redoxin	-	147	4.6e-13	54.0	0.0	1	1	7.2e-16	6.2e-13	53.5651016235352	0.01	3	130	7	140	5	156	0.81	1-Cys peroxiredoxin PER1		0
REHY_WHEAT	REHY_WHEAT	218	Redoxin	-	147	5.3e-13	53.8	0.0	1	1	8.2e-16	7.0e-13	53.3813400268555	0.01	3	136	7	147	5	158	0.85	1-Cys peroxiredoxin PER1		0
AHPC_STAAS	AHPC_STAAS	189	Redoxin	-	147	6.0e-13	53.6	0.0	1	1	8.2e-16	7.1e-13	53.3649940490723	0.05	15	136	20	142	6	154	0.88	Alkyl hydroperoxide reductase C		0
AHPC_STAAM	AHPC_STAAM	189	Redoxin	-	147	6.0e-13	53.6	0.0	1	1	8.2e-16	7.1e-13	53.3649940490723	0.05	15	136	20	142	6	154	0.88	Alkyl hydroperoxide reductase C		0
AHPC_STAA3	AHPC_STAA3	189	Redoxin	-	147	6.0e-13	53.6	0.0	1	1	8.2e-16	7.1e-13	53.3649940490723	0.05	15	136	20	142	6	154	0.88	Alkyl hydroperoxide reductase C		0
AHPC_STAAN	AHPC_STAAN	189	Redoxin	-	147	6.0e-13	53.6	0.0	1	1	8.2e-16	7.1e-13	53.3649940490723	0.05	15	136	20	142	6	154	0.88	Alkyl hydroperoxide reductase C		0
AHPC_STAAB	AHPC_STAAB	189	Redoxin	-	147	6.0e-13	53.6	0.0	1	1	8.2e-16	7.1e-13	53.3649940490723	0.05	15	136	20	142	6	154	0.88	Alkyl hydroperoxide reductase C		0
AHPC_STAAC	AHPC_STAAC	189	Redoxin	-	147	6.0e-13	53.6	0.0	1	1	8.2e-16	7.1e-13	53.3649940490723	0.05	15	136	20	142	6	154	0.88	Alkyl hydroperoxide reductase C		0
AHPC_STAAW	AHPC_STAAW	189	Redoxin	-	147	6.0e-13	53.6	0.0	1	1	8.2e-16	7.1e-13	53.3649940490723	0.05	15	136	20	142	6	154	0.88	Alkyl hydroperoxide reductase C		0
AHPC_STAA8	AHPC_STAA8	189	Redoxin	-	147	6.0e-13	53.6	0.0	1	1	8.2e-16	7.1e-13	53.3649940490723	0.05	15	136	20	142	6	154	0.88	Alkyl hydroperoxide reductase C		0
AHPC_STAAR	AHPC_STAAR	189	Redoxin	-	147	6.0e-13	53.6	0.0	1	1	8.2e-16	7.1e-13	53.3649940490723	0.05	15	136	20	142	6	154	0.88	Alkyl hydroperoxide reductase C		0
PRDX1_CRIGR	PRDX1_CRIGR	199	Redoxin	-	147	8.3e-13	53.1	0.0	1	1	1.2e-15	1.1e-12	52.7845687866211	0.00	3	138	9	150	7	159	0.85	Peroxiredoxin-1		0
TDX2_BRUMA	TDX2_BRUMA	199	Redoxin	-	147	9.2e-13	53.0	0.0	1	1	1.7e-15	1.5e-12	52.3392181396484	0.00	3	137	11	150	10	161	0.85	Peroxiredoxin 2		0
1CPX_ONCVO	1CPX_ONCVO	232	Redoxin	-	147	1.0e-12	52.9	0.0	1	1	1.7e-15	1.4e-12	52.3838958740234	0.00	2	130	7	153	6	170	0.82	1-Cys peroxiredoxin		0
TDXH_NANEQ	TDXH_NANEQ	222	Redoxin	-	147	1.1e-12	52.8	0.0	1	1	1.7e-15	1.4e-12	52.3737640380859	0.00	3	138	5	142	4	152	0.82	Peroxiredoxin		0
PDIA5_HUMAN	PDIA5_HUMAN	519	Redoxin	-	147	1.1e-12	52.7	0.9	1	3	0.00039	0.34	15.4914474487305	0.01	27	76	169	218	151	253	0.72	Protein disulfide-isomerase A5	4i6x_A	0
PDIA5_HUMAN	PDIA5_HUMAN	519	Redoxin	-	147	1.1e-12	52.7	0.9	2	3	0.00015	0.13	16.8329601287842	0.02	23	83	286	348	270	369	0.80	Protein disulfide-isomerase A5	4i6x_A	0
PDIA5_HUMAN	PDIA5_HUMAN	519	Redoxin	-	147	1.1e-12	52.7	0.9	3	3	0.00013	0.11	17.076789855957	0.16	26	79	411	469	405	501	0.63	Protein disulfide-isomerase A5	4i6x_A	0
TDXH_METVS	TDXH_METVS	217	Redoxin	-	147	1.2e-12	52.7	0.0	1	1	2.0e-15	1.7e-12	52.1317710876465	0.00	3	144	5	148	4	152	0.86	Peroxiredoxin		0
TDXH2_SULME	TDXH2_SULME	214	Redoxin	-	147	1.5e-12	52.3	0.0	1	1	2.3e-15	2.0e-12	51.9331817626953	0.01	27	138	28	142	4	151	0.80	Peroxiredoxin 2		0
HELX_RHOCB	HELX_RHOCB	176	Redoxin	-	147	1.6e-12	52.2	0.0	1	1	2.4e-15	2.1e-12	51.8327255249023	0.00	2	137	37	160	36	169	0.87	Thiol:disulfide interchange protein HelX		0
TDXH1_CALS4	TDXH1_CALS4	215	Redoxin	-	147	2.5e-12	51.6	0.0	1	1	4.2e-15	3.6e-12	51.0711631774902	0.00	3	139	5	144	3	152	0.81	Peroxiredoxin 1		0
AHPC_MYCTO	AHPC_MYCTO	195	Redoxin	-	147	2.8e-12	51.4	0.0	1	1	3.8e-15	3.2e-12	51.230842590332	0.01	10	139	14	157	5	165	0.79	Alkyl hydroperoxide reductase C		0
AHPC_MYCTU	AHPC_MYCTU	195	Redoxin	-	147	2.8e-12	51.4	0.0	1	1	3.8e-15	3.2e-12	51.230842590332	0.01	10	139	14	157	5	165	0.79	Alkyl hydroperoxide reductase C	2bmx_C	0
REHY_MEDTR	REHY_MEDTR	218	Redoxin	-	147	3.2e-12	51.2	0.0	1	1	5.4e-15	4.7e-12	50.7066497802734	0.00	3	147	7	156	5	156	0.89	1-Cys peroxiredoxin		0
Y1453_HAEIN	Y1453_HAEIN	156	Redoxin	-	147	3.5e-12	51.1	0.0	1	1	5.4e-15	4.6e-12	50.7269287109375	0.01	7	99	23	118	17	144	0.84	Uncharacterized protein HI_1453		0
TDXH_ARCFU	TDXH_ARCFU	215	Redoxin	-	147	4.8e-12	50.7	0.0	1	1	7.8e-15	6.7e-12	50.2079277038574	0.00	3	137	6	142	4	152	0.84	Peroxiredoxin		0
PRDX4_RAT	PRDX4_RAT	273	Redoxin	-	147	5.1e-12	50.6	0.0	1	1	9.0e-15	7.7e-12	50.003833770752	0.00	15	138	97	224	84	232	0.88	Peroxiredoxin-4		0
AHPC_STAHJ	AHPC_STAHJ	189	Redoxin	-	147	5.2e-12	50.6	0.0	1	1	7.3e-15	6.3e-12	50.2882995605469	0.04	16	136	21	142	9	154	0.89	Alkyl hydroperoxide reductase C		0
PRDX4_MOUSE	PRDX4_MOUSE	274	Redoxin	-	147	5.2e-12	50.6	0.0	1	1	9.0e-15	7.8e-12	49.9907073974609	0.00	15	138	98	225	85	233	0.88	Peroxiredoxin-4	3wgx_C	0
TDXH_AERPE	TDXH_AERPE	250	Redoxin	-	147	5.5e-12	50.5	0.0	1	1	8.4e-15	7.3e-12	50.0895957946777	0.00	3	135	9	145	7	155	0.85	Peroxiredoxin	6krq_G	0
AHPC_STAES	AHPC_STAES	189	Redoxin	-	147	6.3e-12	50.3	0.0	1	1	8.5e-15	7.3e-12	50.0847816467285	0.04	15	136	20	142	5	154	0.87	Alkyl hydroperoxide reductase C		0
AHPC_STAEQ	AHPC_STAEQ	189	Redoxin	-	147	6.5e-12	50.2	0.0	1	1	8.8e-15	7.6e-12	50.0283317565918	0.05	15	136	20	142	5	154	0.87	Alkyl hydroperoxide reductase C		0
REHYA_ORYSJ	REHYA_ORYSJ	220	Redoxin	-	147	9.6e-12	49.7	0.0	1	1	1.4e-14	1.3e-11	49.3271408081055	0.01	3	132	7	144	5	159	0.86	1-Cys peroxiredoxin A		0
TDX_CYNPY	TDX_CYNPY	200	Redoxin	-	147	1.1e-11	49.6	0.0	1	1	1.6e-14	1.3e-11	49.2225570678711	0.00	3	138	9	150	7	159	0.85	Peroxiredoxin		0
REHY_BROSE	REHY_BROSE	202	Redoxin	-	147	1.5e-11	49.1	0.0	1	1	2.5e-14	2.1e-11	48.5697555541992	0.01	23	136	8	131	3	142	0.86	Probable 1-Cys peroxiredoxin (Fragment)		0
REHYA_ORYSI	REHYA_ORYSI	220	Redoxin	-	147	1.7e-11	48.9	0.0	1	1	2.5e-14	2.1e-11	48.5839424133301	0.01	3	134	7	146	5	160	0.86	1-Cys peroxiredoxin A		0
AHPC_AMPXN	AHPC_AMPXN	188	Redoxin	-	147	2.0e-11	48.7	0.0	1	1	2.9e-14	2.5e-11	48.3286094665527	0.01	8	136	15	141	5	151	0.85	Alkyl hydroperoxide reductase C	1we0_I	0
TDXH_METJA	TDXH_METJA	217	Redoxin	-	147	2.1e-11	48.6	0.0	1	1	3.4e-14	3.0e-11	48.1098175048828	0.00	3	138	5	144	4	153	0.82	Peroxiredoxin		0
TDX1_CAEEL	TDX1_CAEEL	226	Redoxin	-	147	2.2e-11	48.6	0.0	1	1	3.2e-14	2.8e-11	48.210620880127	0.00	3	139	36	178	34	186	0.83	Probable peroxiredoxin prdx-3		0
PRDX4_BOVIN	PRDX4_BOVIN	274	Redoxin	-	147	2.7e-11	48.2	0.0	1	1	4.5e-14	3.9e-11	47.7207450866699	0.00	15	138	98	225	85	233	0.87	Peroxiredoxin-4		0
TDXH_METMP	TDXH_METMP	217	Redoxin	-	147	2.8e-11	48.2	0.0	1	1	4.6e-14	4.0e-11	47.704174041748	0.00	3	138	5	144	4	152	0.84	Peroxiredoxin		0
TDX1_BRUMA	TDX1_BRUMA	229	Redoxin	-	147	2.8e-11	48.2	0.0	1	1	4.1e-14	3.5e-11	47.860725402832	0.00	3	136	36	175	34	187	0.87	Peroxiredoxin 1		0
TDXH1_SULTO	TDXH1_SULTO	215	Redoxin	-	147	3.2e-11	48.0	0.0	1	1	4.8e-14	4.1e-11	47.6469993591309	0.00	4	136	6	141	3	150	0.78	Peroxiredoxin 1		0
TDXH_METM5	TDXH_METM5	217	Redoxin	-	147	5.1e-11	47.4	0.0	1	1	8.4e-14	7.3e-11	46.8474349975586	0.00	3	144	5	148	4	152	0.84	Peroxiredoxin		0
NRFX_HAEIN	NRFX_HAEIN	176	Redoxin	-	147	5.1e-11	47.4	0.0	1	1	8.9e-14	7.7e-11	46.7679595947266	0.00	4	133	39	155	36	165	0.88	Probable thiol:disulfide interchange protein DsbE-2		0
TDXH_PYRAB	TDXH_PYRAB	216	Redoxin	-	147	6.1e-11	47.1	0.0	1	1	9.9e-14	8.5e-11	46.6259727478027	0.00	3	136	5	141	4	151	0.83	Peroxiredoxin		0
AHPC_PSEAB	AHPC_PSEAB	187	Redoxin	-	147	7.0e-11	46.9	0.0	1	1	1.0e-13	8.9e-11	46.5644607543945	0.02	18	136	21	140	5	152	0.85	Alkyl hydroperoxide reductase C		0
TDXH_PYRHO	TDXH_PYRHO	216	Redoxin	-	147	7.9e-11	46.7	0.0	1	1	1.3e-13	1.1e-10	46.2150726318359	0.00	3	136	5	141	4	151	0.83	Peroxiredoxin	3w6g_N	0
PRDX4_HUMAN	PRDX4_HUMAN	271	Redoxin	-	147	8.0e-11	46.7	0.0	1	1	1.4e-13	1.2e-10	46.1515502929688	0.00	15	138	95	222	82	230	0.86	Peroxiredoxin-4	3tjf_C	0
1CPX_DIRIM	1CPX_DIRIM	235	Redoxin	-	147	8.3e-11	46.7	0.0	1	1	1.3e-13	1.2e-10	46.200267791748	0.00	3	122	8	147	6	171	0.81	1-Cys peroxiredoxin		0
PRDX6_CHICK	PRDX6_CHICK	224	Redoxin	-	147	8.9e-11	46.6	0.0	1	1	1.4e-13	1.2e-10	46.176815032959	0.00	3	129	7	144	5	162	0.81	Peroxiredoxin-6		0
PDIA5_BOVIN	PDIA5_BOVIN	521	Redoxin	-	147	1.3e-10	46.1	0.4	1	3	0.0069	5.9	11.4449405670166	0.01	27	76	171	220	154	255	0.74	Protein disulfide-isomerase A5		0
PDIA5_BOVIN	PDIA5_BOVIN	521	Redoxin	-	147	1.3e-10	46.1	0.4	2	3	0.0008	0.69	14.4746913909912	0.02	24	83	289	350	267	369	0.82	Protein disulfide-isomerase A5		0
PDIA5_BOVIN	PDIA5_BOVIN	521	Redoxin	-	147	1.3e-10	46.1	0.4	3	3	0.00021	0.19	16.3300666809082	0.09	26	84	413	476	402	504	0.63	Protein disulfide-isomerase A5		0
CYCY_RHILV	CYCY_RHILV	186	Redoxin	-	147	1.3e-10	46.0	0.0	1	1	2.1e-13	1.8e-10	45.5519561767578	0.00	23	136	64	165	43	173	0.87	Thiol:disulfide interchange protein CycY		0
THIX_HAEIN	THIX_HAEIN	167	Redoxin	-	147	1.4e-10	45.9	0.0	1	1	2.2e-13	1.9e-10	45.4774017333984	0.01	6	120	36	137	31	143	0.87	Thioredoxin-like protein HI_1115		0
AHPC_ECOL6	AHPC_ECOL6	187	Redoxin	-	147	1.5e-10	45.8	0.0	1	1	2.2e-13	1.9e-10	45.5175514221191	0.02	16	138	19	142	5	152	0.84	Alkyl hydroperoxide reductase C		0
AHPC_ECO57	AHPC_ECO57	187	Redoxin	-	147	1.5e-10	45.8	0.0	1	1	2.2e-13	1.9e-10	45.5175514221191	0.02	16	138	19	142	5	152	0.84	Alkyl hydroperoxide reductase C		0
AHPC_SHIFL	AHPC_SHIFL	187	Redoxin	-	147	1.5e-10	45.8	0.0	1	1	2.2e-13	1.9e-10	45.5175514221191	0.02	16	138	19	142	5	152	0.84	Alkyl hydroperoxide reductase C		0
AHPC_ECOLI	AHPC_ECOLI	187	Redoxin	-	147	1.5e-10	45.8	0.0	1	1	2.2e-13	1.9e-10	45.5175514221191	0.02	16	138	19	142	5	152	0.84	Alkyl hydroperoxide reductase C	5b8a_A	0
TDXH1_SULME	TDXH1_SULME	215	Redoxin	-	147	1.5e-10	45.8	0.0	1	1	2.4e-13	2.1e-10	45.3717613220215	0.00	26	134	27	138	4	149	0.83	Peroxiredoxin 1		0
AHPC_SALTI	AHPC_SALTI	187	Redoxin	-	147	2.1e-10	45.4	0.0	1	1	3.0e-13	2.6e-10	45.057918548584	0.02	16	138	19	142	5	152	0.84	Alkyl hydroperoxide reductase C		0
AHPC_SALTY	AHPC_SALTY	187	Redoxin	-	147	2.1e-10	45.4	0.0	1	1	3.0e-13	2.6e-10	45.057918548584	0.02	16	138	19	142	5	152	0.84	Alkyl hydroperoxide reductase C	1n8j_M	0
PRDX6_BOVIN	PRDX6_BOVIN	224	Redoxin	-	147	3.4e-10	44.7	0.0	1	1	4.7e-13	4.1e-10	44.4133453369141	0.00	3	135	8	151	6	164	0.83	Peroxiredoxin-6		0
TDXH_PYRFU	TDXH_PYRFU	216	Redoxin	-	147	3.5e-10	44.6	0.0	1	1	5.6e-13	4.8e-10	44.1900024414062	0.00	3	136	5	141	4	151	0.81	Peroxiredoxin		0
TDXH_TREDE	TDXH_TREDE	208	Redoxin	-	147	4.4e-10	44.3	0.0	1	1	6.5e-13	5.6e-10	43.9675369262695	0.00	3	130	5	133	3	151	0.79	Peroxiredoxin		0
NRX3_ORYSJ	NRX3_ORYSJ	471	Redoxin	-	147	5.1e-10	44.1	0.0	1	2	0.0004	0.35	15.4415121078491	0.00	13	74	26	88	10	105	0.82	Probable nucleoredoxin 3		0
NRX3_ORYSJ	NRX3_ORYSJ	471	Redoxin	-	147	5.1e-10	44.1	0.0	2	2	1.8e-07	0.00015	26.326509475708	0.00	16	129	192	300	185	306	0.75	Probable nucleoredoxin 3		0
REHY_MAIZE	REHY_MAIZE	229	Redoxin	-	147	6.3e-10	43.8	0.0	1	1	9.9e-13	8.6e-10	43.3741798400879	0.02	3	146	7	164	5	165	0.83	1-Cys peroxiredoxin PER1		0
TDX_ONCMY	TDX_ONCMY	200	Redoxin	-	147	6.7e-10	43.7	0.0	1	1	1.0e-12	8.6e-10	43.3594551086426	0.00	5	136	11	149	7	159	0.84	Peroxiredoxin		0
PRDX6_PIG	PRDX6_PIG	224	Redoxin	-	147	8.1e-10	43.4	0.0	1	1	1.1e-12	9.9e-10	43.1691284179688	0.00	3	136	8	152	6	164	0.83	Peroxiredoxin-6		0
AHPC_STAS1	AHPC_STAS1	189	Redoxin	-	147	1.3e-09	42.8	0.0	1	1	1.9e-12	1.6e-09	42.4821739196777	0.03	22	136	25	142	6	153	0.87	Alkyl hydroperoxide reductase C		0
PRDXL_DICDI	PRDXL_DICDI	241	Redoxin	-	147	1.6e-09	42.5	0.0	1	1	2.5e-12	2.1e-09	42.0888595581055	0.01	3	138	36	174	34	184	0.87	1-Cys peroxiredoxin		0
YCF42_TRICV	YCF42_TRICV	204	Redoxin	-	147	1.6e-09	42.5	0.0	1	1	2.4e-12	2.1e-09	42.098331451416	0.00	19	133	25	143	7	155	0.83	Putative peroxiredoxin ycf42		0
PDIA5_MOUSE	PDIA5_MOUSE	517	Redoxin	-	147	2.6e-09	41.8	0.9	1	3	0.023	20	9.75224113464355	0.01	25	57	165	196	149	228	0.84	Protein disulfide-isomerase A5		0
PDIA5_MOUSE	PDIA5_MOUSE	517	Redoxin	-	147	2.6e-09	41.8	0.9	2	3	0.0084	7.3	11.1616067886353	0.01	23	81	284	342	268	357	0.84	Protein disulfide-isomerase A5		0
PDIA5_MOUSE	PDIA5_MOUSE	517	Redoxin	-	147	2.6e-09	41.8	0.9	3	3	0.0001	0.088	17.3837871551514	0.34	26	82	409	470	402	487	0.73	Protein disulfide-isomerase A5		0
TDXH_METTH	TDXH_METTH	209	Redoxin	-	147	2.7e-09	41.8	0.0	1	1	4.0e-12	3.5e-09	41.4093055725098	0.00	3	134	5	137	3	151	0.87	Peroxiredoxin		0
TDXH_METTM	TDXH_METTM	211	Redoxin	-	147	3.1e-09	41.6	0.0	1	1	4.6e-12	4.0e-09	41.2170181274414	0.00	3	134	5	137	3	151	0.84	Peroxiredoxin		0
MPT53_MYCTU	MPT53_MYCTU	173	Redoxin	-	147	3.6e-09	41.4	0.0	1	1	5.4e-12	4.7e-09	40.9851264953613	0.04	9	106	44	137	33	168	0.88	Soluble secreted antigen MPT53	1lu4_A	0
MPT53_MYCBO	MPT53_MYCBO	173	Redoxin	-	147	3.6e-09	41.4	0.0	1	1	5.4e-12	4.7e-09	40.9851264953613	0.04	9	106	44	137	33	168	0.88	Soluble secreted antigen MPT53		0
MPT53_MYCTO	MPT53_MYCTO	173	Redoxin	-	147	3.6e-09	41.4	0.0	1	1	5.4e-12	4.7e-09	40.9851264953613	0.04	9	106	44	137	33	168	0.88	Soluble secreted antigen MPT53		0
AHPC_BACSU	AHPC_BACSU	187	Redoxin	-	147	5.8e-09	40.7	0.0	1	1	7.8e-12	6.7e-09	40.4711418151855	0.02	16	134	19	138	5	152	0.86	Alkyl hydroperoxide reductase C		0
PRDX6_MACFA	PRDX6_MACFA	224	Redoxin	-	147	6.9e-09	40.4	0.0	1	1	1.0e-11	9.0e-09	40.0632362365723	0.00	3	134	8	150	6	163	0.84	Peroxiredoxin-6		0
PRDX6_HUMAN	PRDX6_HUMAN	224	Redoxin	-	147	6.9e-09	40.4	0.0	1	1	1.0e-11	8.9e-09	40.0715599060059	0.00	3	134	8	150	6	163	0.83	Peroxiredoxin-6	5b6m_E	0
TDXH1_THEAC	TDXH1_THEAC	233	Redoxin	-	147	1.0e-08	39.9	0.0	1	1	1.6e-11	1.4e-08	39.4255599975586	0.00	3	129	11	139	9	157	0.81	Peroxiredoxin 1		0
PDIA5_RAT	PDIA5_RAT	517	Redoxin	-	147	1.2e-08	39.7	0.9	1	2	0.0097	8.4	10.958927154541	0.01	23	83	284	346	268	363	0.84	Protein disulfide-isomerase A5		0
PDIA5_RAT	PDIA5_RAT	517	Redoxin	-	147	1.2e-08	39.7	0.9	2	2	0.00023	0.19	16.2606105804443	0.22	26	72	409	453	402	482	0.67	Protein disulfide-isomerase A5		0
REHYB_ORYSJ	REHYB_ORYSJ	220	Redoxin	-	147	1.3e-08	39.5	0.0	1	1	1.9e-11	1.7e-08	39.1949157714844	0.00	3	127	7	139	5	157	0.82	1-Cys peroxiredoxin B		0
PRDX6_PONAB	PRDX6_PONAB	224	Redoxin	-	147	1.6e-08	39.3	0.0	1	1	2.3e-11	1.9e-08	38.9703826904297	0.00	3	121	8	133	6	161	0.83	Peroxiredoxin-6		0
PRDX6_RAT	PRDX6_RAT	224	Redoxin	-	147	2.4e-08	38.7	0.0	1	1	3.6e-11	3.1e-08	38.307788848877	0.00	3	130	8	146	6	163	0.80	Peroxiredoxin-6		0
AHPC_FERAY	AHPC_FERAY	168	Redoxin	-	147	3.2e-08	38.3	0.0	1	1	4.3e-11	3.7e-08	38.0750007629395	0.01	21	136	5	121	1	133	0.82	Alkyl hydroperoxide reductase C (Fragment)		0
PRDX6_MOUSE	PRDX6_MOUSE	224	Redoxin	-	147	3.8e-08	38.0	0.0	1	1	5.9e-11	5.1e-08	37.6213417053223	0.00	3	135	8	151	6	163	0.83	Peroxiredoxin-6		0
PRX1_YEAST	PRX1_YEAST	261	Redoxin	-	147	3.8e-08	38.0	0.1	1	1	6.6e-11	5.7e-08	37.4644966125488	0.05	31	144	78	204	51	207	0.74	Peroxiredoxin PRX1, mitochondrial	5ykj_A	0
REHYB_ORYSI	REHYB_ORYSI	220	Redoxin	-	147	4.3e-08	37.9	0.0	1	1	6.3e-11	5.4e-08	37.5271224975586	0.00	3	127	7	139	5	157	0.82	1-Cys peroxiredoxin B		0
PRDX2_PIG	PRDX2_PIG	127	Redoxin	-	147	4.5e-08	37.8	0.0	1	1	6.1e-11	5.3e-08	37.5650024414062	0.00	33	138	1	110	1	119	0.89	Peroxiredoxin-2 (Fragment)		0
FIXW_RHILE	FIXW_RHILE	221	Redoxin	-	147	6.2e-08	37.3	0.0	1	1	9.3e-11	8.0e-08	36.9753761291504	0.01	23	131	25	138	7	150	0.85	Protein FixW		0
GPX4_MESCR	GPX4_MESCR	170	Redoxin	-	147	6.6e-08	37.2	0.1	1	1	3.8e-10	3.3e-07	34.9971199035645	0.07	7	136	13	155	8	167	0.72	Probable phospholipid hydroperoxide glutathione peroxidase		0
GPX4_HELAN	GPX4_HELAN	180	Redoxin	-	147	8.1e-08	37.0	0.1	1	1	6.2e-10	5.3e-07	34.3100242614746	0.12	8	134	24	163	14	177	0.65	Probable phospholipid hydroperoxide glutathione peroxidase		0
TYPX_TRYBB	TYPX_TRYBB	144	Redoxin	-	147	9.8e-08	36.7	0.0	1	1	1.4e-10	1.2e-07	36.3813743591309	0.00	15	124	15	118	5	137	0.78	Tryparedoxin	1o73_A	0
YKUV_BACSU	YKUV_BACSU	148	Redoxin	-	147	1.7e-07	35.9	0.0	1	1	2.1e-10	1.8e-07	35.8341178894043	0.00	4	136	5	132	2	144	0.79	Thiol-disulfide oxidoreductase YkuV	2b5x_A	0
SOQ1_ARATH	SOQ1_ARATH	1055	Redoxin	-	147	1.8e-07	35.8	0.0	1	1	6.5e-10	5.6e-07	34.2432518005371	0.02	22	146	412	530	391	534	0.85	Protein SUPPRESSOR OF QUENCHING 1, chloroplastic		0
DIPZ_MYCTO	DIPZ_MYCTO	695	Redoxin	-	147	3.0e-07	35.1	0.0	1	1	6.4e-10	5.6e-07	34.2483596801758	0.00	7	134	401	527	398	539	0.88	Protein DipZ		0
DIPZ_MYCBO	DIPZ_MYCBO	695	Redoxin	-	147	3.0e-07	35.1	0.0	1	1	6.4e-10	5.6e-07	34.2483596801758	0.00	7	134	401	527	398	539	0.88	Protein DipZ		0
DIPZ_MYCTU	DIPZ_MYCTU	695	Redoxin	-	147	3.0e-07	35.1	0.0	1	1	6.4e-10	5.6e-07	34.2483596801758	0.00	7	134	401	527	398	539	0.88	Protein DipZ	5cyy_D	0
TDX_ENCCU	TDX_ENCCU	177	Redoxin	-	147	4.1e-07	34.7	0.0	1	1	5.9e-10	5.1e-07	34.3676795959473	0.01	16	131	17	136	5	149	0.87	Putative thioredoxin peroxidase		0
MSRAB_NEIMA	MSRAB_NEIMA	522	Redoxin	-	147	4.6e-07	34.5	0.0	1	1	1.1e-09	9.8e-07	33.4465980529785	0.01	10	135	40	160	28	169	0.76	Peptide methionine sulfoxide reductase MsrA/MsrB	3bqf_A	0
REHY_SYNRU	REHY_SYNRU	218	Redoxin	-	147	4.7e-07	34.5	0.0	1	1	7.7e-10	6.6e-07	33.9991493225098	0.00	3	121	8	134	6	161	0.88	Probable 1-Cys peroxiredoxin		0
GPX1_PEA	GPX1_PEA	236	Redoxin	-	147	6.7e-07	34.0	0.5	1	1	6.2e-09	5.3e-06	31.0664672851562	0.24	5	131	78	217	73	234	0.66	Phospholipid hydroperoxide glutathione peroxidase, chloroplastic		0
GPX7_ARATH	GPX7_ARATH	233	Redoxin	-	147	7.0e-07	33.9	0.1	1	1	1.2e-08	1.0e-05	30.1155662536621	0.04	2	68	72	135	71	172	0.92	Putative glutathione peroxidase 7, chloroplastic		0
GPX6_ARATH	GPX6_ARATH	232	Redoxin	-	147	8.1e-07	33.7	0.1	1	1	6.6e-09	5.7e-06	30.9744548797607	0.13	8	136	75	216	68	228	0.72	Probable phospholipid hydroperoxide glutathione peroxidase 6, mitochondrial		0
MSRAB_NEIGO	MSRAB_NEIGO	522	Redoxin	-	147	1.3e-06	33.0	0.0	1	1	3.1e-09	2.7e-06	32.0178108215332	0.01	10	135	40	160	28	169	0.76	Peptide methionine sulfoxide reductase MsrA/MsrB	1l1d_B	0
GPX1_ARATH	GPX1_ARATH	236	Redoxin	-	147	1.5e-06	32.8	0.1	1	1	4.5e-08	3.9e-05	28.2781276702881	0.06	2	68	75	138	74	175	0.88	Phospholipid hydroperoxide glutathione peroxidase 1, chloroplastic		0
THIO_CERSP	THIO_CERSP	106	Redoxin	-	147	1.8e-06	32.6	0.0	1	1	2.3e-09	2.0e-06	32.4449577331543	0.03	28	104	19	93	2	105	0.81	Thioredoxin		0
PDI_HUMIN	PDI_HUMIN	505	Redoxin	-	147	2.6e-06	32.1	4.3	1	1	0.00016	0.14	16.7178440093994	0.04	16	79	363	423	345	484	0.86	Protein disulfide-isomerase	3wt1_B	0
GPX4_GOSHI	GPX4_GOSHI	170	Redoxin	-	147	3.7e-06	31.6	0.1	1	1	3.7e-08	3.2e-05	28.548454284668	0.13	6	136	11	155	6	167	0.65	Probable phospholipid hydroperoxide glutathione peroxidase		0
GPX4_NICSY	GPX4_NICSY	169	Redoxin	-	147	4.4e-06	31.3	0.1	1	1	6.1e-08	5.3e-05	27.8391380310059	0.13	6	69	11	80	6	166	0.64	Probable phospholipid hydroperoxide glutathione peroxidase		0
MSRAB_NEIMB	MSRAB_NEIMB	522	Redoxin	-	147	5.1e-06	31.1	0.0	1	1	1.3e-08	1.1e-05	30.048828125	0.01	10	134	40	159	28	169	0.76	Peptide methionine sulfoxide reductase MsrA/MsrB		0
TRXH2_BRANA	TRXH2_BRANA	119	Redoxin	-	147	5.2e-06	31.1	0.3	1	2	3.5e-05	0.03	18.8831520080566	0.04	21	61	21	60	13	66	0.87	Thioredoxin H-type 2		0
TRXH2_BRANA	TRXH2_BRANA	119	Redoxin	-	147	5.2e-06	31.1	0.3	2	2	0.0072	6.2	11.3748235702515	0.08	87	137	64	104	55	114	0.76	Thioredoxin H-type 2		0
GPX5_ARATH	GPX5_ARATH	173	Redoxin	-	147	6.0e-06	30.9	0.3	1	1	4.6e-08	4.0e-05	28.2344436645508	0.35	5	87	13	128	10	160	0.85	Probable glutathione peroxidase 5		0
PDI_DROME	PDI_DROME	496	Redoxin	-	147	6.1e-06	30.9	1.9	1	1	7.6e-05	0.066	17.7896766662598	0.03	15	69	374	425	362	488	0.73	Protein disulfide-isomerase		0
GPX4_SOLLC	GPX4_SOLLC	169	Redoxin	-	147	6.7e-06	30.7	0.1	1	1	7.9e-08	6.8e-05	27.4724445343018	0.10	6	69	11	82	6	166	0.68	Probable phospholipid hydroperoxide glutathione peroxidase		0
GPX4_TOBAC	GPX4_TOBAC	169	Redoxin	-	147	9.1e-06	30.3	0.1	1	1	1.3e-07	0.00011	26.8159236907959	0.12	6	69	11	80	6	166	0.64	Probable phospholipid hydroperoxide glutathione peroxidase		0
GPX4_SPIOL	GPX4_SPIOL	171	Redoxin	-	147	1.1e-05	30.0	0.0	1	1	1.1e-07	9.8e-05	26.956901550293	0.05	9	140	15	160	7	167	0.66	Probable phospholipid hydroperoxide glutathione peroxidase		0
GPO_LACLM	GPO_LACLM	157	Redoxin	-	147	1.1e-05	30.0	0.2	1	1	1.4e-07	0.00012	26.6246967315674	0.16	8	145	5	155	1	157	0.72	Glutathione peroxidase		0
PDI1_SCHPO	PDI1_SCHPO	492	Redoxin	-	147	1.2e-05	30.0	1.6	1	2	0.015	13	10.3086891174316	0.03	27	66	38	76	26	83	0.82	Putative protein disulfide-isomerase C1F5.02		0
PDI1_SCHPO	PDI1_SCHPO	492	Redoxin	-	147	1.2e-05	30.0	1.6	2	2	0.0022	1.9	13.07630443573	0.02	28	67	373	411	348	440	0.87	Putative protein disulfide-isomerase C1F5.02		0
GPX1_CAEEL	GPX1_CAEEL	163	Redoxin	-	147	1.2e-05	29.9	0.3	1	1	9.9e-08	8.6e-05	27.1515884399414	0.28	8	146	6	158	2	159	0.72	Glutathione peroxidase 1		0
THIO_ALIAC	THIO_ALIAC	105	Redoxin	-	147	1.4e-05	29.7	0.0	1	1	1.6e-08	1.4e-05	29.680061340332	0.01	23	83	12	70	1	101	0.76	Thioredoxin	1rqm_A	0
GPX4_CITSI	GPX4_CITSI	167	Redoxin	-	147	1.5e-05	29.6	0.1	1	1	7.3e-08	6.3e-05	27.5880031585693	0.10	4	135	7	151	4	164	0.66	Probable phospholipid hydroperoxide glutathione peroxidase		0
GPX1_HELAN	GPX1_HELAN	167	Redoxin	-	147	1.7e-05	29.4	0.1	1	1	3.1e-08	2.7e-05	28.8008041381836	0.11	4	68	7	68	4	142	0.87	Glutathione peroxidase 1		0
GPO_LACLA	GPO_LACLA	157	Redoxin	-	147	1.7e-05	29.4	0.1	1	1	1.5e-07	0.00013	26.5493011474609	0.12	8	142	5	152	1	157	0.71	Glutathione peroxidase		0
TRXH4_ARATH	TRXH4_ARATH	119	Redoxin	-	147	2.0e-05	29.2	0.2	1	2	2.7e-05	0.023	19.2608337402344	0.02	20	61	18	60	10	64	0.80	Thioredoxin H4		0
TRXH4_ARATH	TRXH4_ARATH	119	Redoxin	-	147	2.0e-05	29.2	0.2	2	2	0.015	13	10.3024044036865	0.05	76	138	54	105	51	114	0.76	Thioredoxin H4		0
PDI1_CAEEL	PDI1_CAEEL	485	Redoxin	-	147	2.0e-05	29.2	3.4	1	2	0.017	14	10.2104253768921	0.04	27	65	38	76	28	108	0.77	Protein disulfide-isomerase 1		0
PDI1_CAEEL	PDI1_CAEEL	485	Redoxin	-	147	2.0e-05	29.2	3.4	2	2	0.00011	0.096	17.265266418457	0.05	12	67	367	419	343	436	0.83	Protein disulfide-isomerase 1		0
NRX2_ORYSJ	NRX2_ORYSJ	394	Redoxin	-	147	2.7e-05	28.8	0.0	1	1	2.7e-05	0.023	19.2594375610352	0.00	6	128	21	136	16	149	0.69	Probable nucleoredoxin 2		0
DJC10_HUMAN	DJC10_HUMAN	793	Redoxin	-	147	3.6e-05	28.4	0.3	1	2	0.025	22	9.60960388183594	0.04	29	57	469	496	448	511	0.82	DnaJ homolog subfamily C member 10		0
DJC10_HUMAN	DJC10_HUMAN	793	Redoxin	-	147	3.6e-05	28.4	0.3	2	2	0.0016	1.4	13.4721565246582	0.01	12	57	669	716	653	726	0.82	DnaJ homolog subfamily C member 10		0
TXLA_SYNY3	TXLA_SYNY3	180	Redoxin	-	147	4.6e-05	28.0	0.0	1	1	6.2e-08	5.3e-05	27.8178863525391	0.01	26	104	50	129	29	166	0.79	Thiol:disulfide interchange protein TxlA homolog		0
PXL2C_ARATH	PXL2C_ARATH	248	Redoxin	-	147	5.8e-05	27.7	0.0	1	1	1.1e-07	9.5e-05	27.0050010681152	0.04	14	102	77	166	67	181	0.90	Thioredoxin-like protein AAED1, chloroplastic		0
NXN_HUMAN	NXN_HUMAN	435	Redoxin	-	147	7.1e-05	27.4	0.0	1	1	1.8e-07	0.00016	26.312255859375	0.00	13	131	178	291	168	302	0.78	Nucleoredoxin		0
PXL2C_MOUSE	PXL2C_MOUSE	226	Redoxin	-	147	7.3e-05	27.4	0.0	1	1	1.1e-07	9.9e-05	26.9448909759521	0.00	11	104	37	132	19	143	0.88	Peroxiredoxin-like 2C		0
GPX2_ARATH	GPX2_ARATH	169	Redoxin	-	147	7.4e-05	27.4	0.0	1	1	1.0e-07	9.0e-05	27.0759658813477	0.04	7	88	10	97	4	162	0.82	Probable glutathione peroxidase 2		0
THIO_MYCGE	THIO_MYCGE	102	Redoxin	-	147	8.1e-05	27.2	0.3	1	1	4.1e-07	0.00036	25.1454696655273	0.31	21	72	9	59	2	89	0.75	Thioredoxin		0
PDI1_DICDI	PDI1_DICDI	363	Redoxin	-	147	8.4e-05	27.2	3.5	1	2	0.0059	5.1	11.6721572875977	0.29	28	92	39	106	18	126	0.82	Protein disulfide-isomerase 1		0
PDI1_DICDI	PDI1_DICDI	363	Redoxin	-	147	8.4e-05	27.2	3.5	2	2	0.00024	0.21	16.1631927490234	0.24	5	84	139	215	136	223	0.66	Protein disulfide-isomerase 1		0
NXN_MOUSE	NXN_MOUSE	435	Redoxin	-	147	0.0001	26.9	0.0	1	1	2.5e-07	0.00022	25.8480052947998	0.00	13	131	178	291	168	302	0.78	Nucleoredoxin		0
PDIA4_CAEEL	PDIA4_CAEEL	618	Redoxin	-	147	0.0001	26.9	4.5	1	1	0.0067	5.8	11.4734582901001	0.04	29	65	165	200	151	203	0.80	Probable protein disulfide-isomerase A4		0
DJC10_PONAB	DJC10_PONAB	793	Redoxin	-	147	0.0001	26.9	0.3	1	2	0.025	22	9.60960388183594	0.04	29	57	469	496	448	511	0.82	DnaJ homolog subfamily C member 10		0
DJC10_PONAB	DJC10_PONAB	793	Redoxin	-	147	0.0001	26.9	0.3	2	2	0.005	4.3	11.9053268432617	0.01	13	57	670	716	655	727	0.79	DnaJ homolog subfamily C member 10		0
TR164_ORYSJ	TR164_ORYSJ	262	Redoxin	-	147	0.00011	26.8	0.0	1	1	2.2e-07	0.00019	26.0526866912842	0.01	10	92	121	203	91	214	0.85	Thioredoxin-like protein HCF164, chloroplastic		0
NXN_BOVIN	NXN_BOVIN	435	Redoxin	-	147	0.00013	26.6	0.0	1	1	3.3e-07	0.00029	25.4532089233398	0.00	13	131	178	291	168	301	0.79	Nucleoredoxin		0
GPX2_YEAST	GPX2_YEAST	162	Redoxin	-	147	0.00014	26.5	0.1	1	1	4.0e-07	0.00035	25.1886234283447	0.12	13	133	12	145	3	156	0.77	Glutathione peroxidase-like peroxiredoxin 2		0
PDIA6_MEDSA	PDIA6_MEDSA	364	Redoxin	-	147	0.00015	26.4	0.5	1	2	0.02	17	9.96870613098145	0.14	28	63	46	81	37	101	0.81	Probable protein disulfide-isomerase A6		0
PDIA6_MEDSA	PDIA6_MEDSA	364	Redoxin	-	147	0.00015	26.4	0.5	2	2	0.0011	0.94	14.0487995147705	0.02	14	75	153	210	137	247	0.78	Probable protein disulfide-isomerase A6		0
DJC10_MOUSE	DJC10_MOUSE	793	Redoxin	-	147	0.00015	26.3	2.1	1	2	0.0056	4.9	11.7299690246582	0.04	28	57	468	496	448	512	0.78	DnaJ homolog subfamily C member 10	3aps_B	0
DJC10_MOUSE	DJC10_MOUSE	793	Redoxin	-	147	0.00015	26.3	2.1	2	2	0.0042	3.7	12.124662399292	0.02	15	57	674	716	666	722	0.76	DnaJ homolog subfamily C member 10	3aps_B	0
THIO1_STRCO	THIO1_STRCO	110	Redoxin	-	147	0.00016	26.3	0.0	1	1	3.0e-07	0.00026	25.6089000701904	0.01	25	74	19	65	2	76	0.82	Thioredoxin 1	1t00_A	0
TR164_ARATH	TR164_ARATH	261	Redoxin	-	147	0.00017	26.2	0.0	1	1	3.6e-07	0.00031	25.3515243530273	0.01	26	94	136	204	119	212	0.85	Thioredoxin-like protein HCF164, chloroplastic		0
GPX8_ARATH	GPX8_ARATH	167	Redoxin	-	147	0.00018	26.1	0.0	1	1	4.7e-07	0.00041	24.9587020874023	0.02	13	68	16	68	5	164	0.85	Probable glutathione peroxidase 8		0
SCO1_BACSU	SCO1_BACSU	193	Redoxin	-	147	0.00018	26.1	0.2	1	1	3.5e-07	0.00031	25.3604717254639	0.20	8	138	34	178	28	191	0.77	SCO1 protein homolog	1xzo_A	0
PDI11_ORYSJ	PDI11_ORYSJ	512	Redoxin	-	147	0.00021	25.9	0.2	1	1	0.00078	0.67	14.5162496566772	0.07	27	67	401	440	379	469	0.81	Protein disulfide isomerase-like 1-1		0
PDI_RICCO	PDI_RICCO	498	Redoxin	-	147	0.00022	25.8	0.2	1	2	0.0094	8.1	11.0103044509888	0.01	26	82	47	102	30	133	0.78	Protein disulfide-isomerase		0
PDI_RICCO	PDI_RICCO	498	Redoxin	-	147	0.00022	25.8	0.2	2	2	0.0044	3.8	12.0857620239258	0.02	27	67	393	432	368	473	0.81	Protein disulfide-isomerase		0
THIO1_NOSSO	THIO1_NOSSO	107	Redoxin	-	147	0.00022	25.8	0.1	1	1	2.9e-07	0.00025	25.6621036529541	0.08	30	97	22	87	4	103	0.83	Thioredoxin 1		0
THIO1_NOSS1	THIO1_NOSS1	107	Redoxin	-	147	0.00022	25.8	0.1	1	1	2.9e-07	0.00025	25.6621036529541	0.08	30	97	22	87	4	103	0.83	Thioredoxin 1		0
DJC10_RAT	DJC10_RAT	793	Redoxin	-	147	0.00023	25.8	2.3	1	2	0.0056	4.9	11.7299690246582	0.04	28	57	468	496	448	512	0.78	DnaJ homolog subfamily C member 10		0
DJC10_RAT	DJC10_RAT	793	Redoxin	-	147	0.00023	25.8	2.3	2	2	0.0064	5.5	11.5502796173096	0.02	15	57	674	716	666	723	0.77	DnaJ homolog subfamily C member 10		0
THIO_COPCM	THIO_COPCM	106	Redoxin	-	147	0.00024	25.7	0.0	1	1	4.0e-07	0.00035	25.1861934661865	0.04	27	72	17	61	6	93	0.83	Thioredoxin		0
TDXH_CHLTE	TDXH_CHLTE	211	Redoxin	-	147	0.00024	25.7	0.0	1	1	4.0e-07	0.00035	25.1694488525391	0.00	3	130	5	133	3	150	0.78	Peroxiredoxin		0
PDI2_SCHPO	PDI2_SCHPO	359	Redoxin	-	147	0.00025	25.6	0.1	1	2	0.021	18	9.88900756835938	0.01	27	66	38	76	20	94	0.78	Protein disulfide-isomerase C17H9.14c		0
PDI2_SCHPO	PDI2_SCHPO	359	Redoxin	-	147	0.00025	25.6	0.1	2	2	0.0017	1.5	13.3833141326904	0.04	28	71	158	201	138	205	0.83	Protein disulfide-isomerase C17H9.14c		0
THIO2_SYNY3	THIO2_SYNY3	109	Redoxin	-	147	0.00025	25.6	0.0	1	1	3.3e-07	0.00028	25.4653301239014	0.02	27	90	18	79	7	101	0.81	Thioredoxin-like protein slr1139		0
THIO1_CORNE	THIO1_CORNE	105	Redoxin	-	147	0.00025	25.6	0.0	1	1	3.3e-07	0.00028	25.4738063812256	0.02	15	93	4	82	1	100	0.82	Thioredoxin C-1		0
PXL2C_HUMAN	PXL2C_HUMAN	226	Redoxin	-	147	0.00026	25.6	0.0	1	1	4.2e-07	0.00036	25.1173210144043	0.00	11	104	37	132	18	142	0.89	Peroxiredoxin-like 2C		0
MER3_STRLI	MER3_STRLI	189	Redoxin	-	147	0.00029	25.4	0.1	1	1	5.2e-07	0.00045	24.808219909668	0.06	29	136	74	177	53	187	0.83	Mercury resistance operon ORF3		0
THIO1_SYNE7	THIO1_SYNE7	107	Redoxin	-	147	0.00029	25.4	0.2	1	1	5.8e-07	0.0005	24.6583995819092	0.20	30	82	22	72	5	89	0.84	Thioredoxin 1		0
THIO2_ECOLI	THIO2_ECOLI	139	Redoxin	-	147	0.0003	25.4	0.1	1	1	1.3e-05	0.012	20.2427101135254	0.02	28	73	52	95	34	102	0.86	Thioredoxin 2		0
THIO2_ECOL6	THIO2_ECOL6	139	Redoxin	-	147	0.0003	25.4	0.1	1	1	1.3e-05	0.012	20.2427101135254	0.02	28	73	52	95	34	102	0.86	Thioredoxin 2		0
THIO2_SHIFL	THIO2_SHIFL	139	Redoxin	-	147	0.0003	25.4	0.1	1	1	1.3e-05	0.012	20.2427101135254	0.02	28	73	52	95	34	102	0.86	Thioredoxin 2		0
THIO2_ECO57	THIO2_ECO57	139	Redoxin	-	147	0.0003	25.4	0.1	1	1	1.3e-05	0.012	20.2427101135254	0.02	28	73	52	95	34	102	0.86	Thioredoxin 2		0
PDI22_ORYSJ	PDI22_ORYSJ	371	Redoxin	-	147	0.00031	25.3	0.1	1	2	0.013	11	10.5502891540527	0.07	27	63	51	87	27	107	0.74	Protein disulfide isomerase-like 2-2		0
PDI22_ORYSJ	PDI22_ORYSJ	371	Redoxin	-	147	0.00031	25.3	0.1	2	2	0.0036	3.1	12.3471460342407	0.01	27	73	170	214	142	228	0.80	Protein disulfide isomerase-like 2-2		0
NXN_DANRE	NXN_DANRE	418	Redoxin	-	147	0.00038	25.1	0.0	1	1	9.8e-06	0.0085	20.677339553833	0.00	12	130	160	273	151	284	0.76	Nucleoredoxin		0
PDI_ASPNG	PDI_ASPNG	515	Redoxin	-	147	0.00038	25.0	1.8	1	1	0.017	15	10.1481466293335	0.01	27	61	376	409	366	426	0.90	Protein disulfide-isomerase		0
PDI_ASPOR	PDI_ASPOR	515	Redoxin	-	147	0.00042	24.9	1.7	1	1	0.021	18	9.90449333190918	0.03	27	60	380	412	365	425	0.91	Protein disulfide-isomerase		0
PDIA1_RABIT	PDIA1_RABIT	509	Redoxin	-	147	0.0005	24.7	0.1	1	2	0.013	12	10.5023698806763	0.01	26	65	40	78	29	98	0.82	Protein disulfide-isomerase		0
PDIA1_RABIT	PDIA1_RABIT	509	Redoxin	-	147	0.0005	24.7	0.1	2	2	0.0064	5.6	11.5392465591431	0.05	25	68	385	425	368	459	0.80	Protein disulfide-isomerase		0
THIO_HAEIN	THIO_HAEIN	107	Redoxin	-	147	0.00055	24.5	0.1	1	2	0.0002	0.18	16.4068336486816	0.09	30	74	22	64	8	70	0.88	Thioredoxin		0
THIO_HAEIN	THIO_HAEIN	107	Redoxin	-	147	0.00055	24.5	0.1	2	2	0.022	19	9.83817386627197	0.02	87	139	56	98	49	105	0.75	Thioredoxin		0
PDI21_ORYSJ	PDI21_ORYSJ	366	Redoxin	-	147	0.00063	24.3	0.6	1	2	0.016	14	10.2690153121948	0.09	27	63	46	82	24	102	0.81	Protein disulfide isomerase-like 2-1		0
PDI21_ORYSJ	PDI21_ORYSJ	366	Redoxin	-	147	0.00063	24.3	0.6	2	2	0.0043	3.7	12.0945796966553	0.05	18	68	158	204	141	223	0.72	Protein disulfide isomerase-like 2-1		0
GPXA_NEIMF	GPXA_NEIMF	177	Redoxin	-	147	0.0007	24.2	0.0	1	1	0.00014	0.12	16.946310043335	0.00	8	65	5	58	2	65	0.89	Glutathione peroxidase homolog		0
GPXA_NEIMB	GPXA_NEIMB	177	Redoxin	-	147	0.0007	24.2	0.0	1	1	0.00014	0.12	16.946310043335	0.00	8	65	5	58	2	65	0.89	Glutathione peroxidase homolog		0
GPXA_NEIMC	GPXA_NEIMC	177	Redoxin	-	147	0.0007	24.2	0.0	1	1	0.00014	0.12	16.946310043335	0.00	8	65	5	58	2	65	0.89	Glutathione peroxidase homolog		0
GPXA_NEIMA	GPXA_NEIMA	177	Redoxin	-	147	0.0007	24.2	0.0	1	1	0.00014	0.12	16.946310043335	0.00	8	65	5	58	2	65	0.89	Glutathione peroxidase homolog		0
THIO_RHORU	THIO_RHORU	104	Redoxin	-	147	0.00073	24.1	0.0	1	1	6.0e-06	0.0052	21.3757972717285	0.03	32	76	21	64	12	87	0.78	Thioredoxin		0
PDI21_ARATH	PDI21_ARATH	361	Redoxin	-	147	0.00076	24.1	2.2	1	2	0.0064	5.6	11.5410928726196	0.10	27	82	39	91	29	98	0.75	Protein disulfide-isomerase like 2-1		0
PDI21_ARATH	PDI21_ARATH	361	Redoxin	-	147	0.00076	24.1	2.2	2	2	0.0066	5.7	11.5048265457153	0.24	25	65	158	196	128	221	0.77	Protein disulfide-isomerase like 2-1		0
PXL2C_BOVIN	PXL2C_BOVIN	228	Redoxin	-	147	0.00086	23.9	0.0	1	1	1.3e-06	0.0012	23.4777889251709	0.00	11	104	39	134	15	146	0.89	Peroxiredoxin-like 2C		0
PDIA1_CHICK	PDIA1_CHICK	515	Redoxin	-	147	0.0009	23.8	0.3	1	2	0.0097	8.4	10.963526725769	0.02	26	65	44	82	35	128	0.78	Protein disulfide-isomerase		0
PDIA1_CHICK	PDIA1_CHICK	515	Redoxin	-	147	0.0009	23.8	0.3	2	2	0.02	18	9.91509056091309	0.04	23	68	387	429	370	448	0.79	Protein disulfide-isomerase		0
SKFH_BACSU	SKFH_BACSU	141	Redoxin	-	147	0.00095	23.8	0.0	1	1	1.4e-06	0.0012	23.4523391723633	0.02	27	137	27	131	17	140	0.79	Thioredoxin-like protein SkfH		0
PDIA1_MOUSE	PDIA1_MOUSE	509	Redoxin	-	147	0.001	23.7	0.2	1	2	0.013	11	10.5976514816284	0.02	27	64	42	78	31	98	0.81	Protein disulfide-isomerase		0
PDIA1_MOUSE	PDIA1_MOUSE	509	Redoxin	-	147	0.001	23.7	0.2	2	2	0.016	14	10.2574701309204	0.06	28	67	387	425	368	452	0.80	Protein disulfide-isomerase		0
ERP38_NEUCR	ERP38_NEUCR	369	Redoxin	-	147	0.001	23.6	0.5	1	1	0.0026	2.2	12.8201732635498	0.04	9	97	21	108	13	131	0.65	Protein disulfide-isomerase erp38		0
PDI11_ARATH	PDI11_ARATH	501	Redoxin	-	147	0.001	23.6	0.7	1	2	0.023	19	9.77291584014893	0.07	18	82	37	101	24	153	0.69	Protein disulfide isomerase-like 1-1		0
PDI11_ARATH	PDI11_ARATH	501	Redoxin	-	147	0.001	23.6	0.7	2	2	0.008	6.9	11.2391691207886	0.03	27	84	391	448	381	479	0.73	Protein disulfide isomerase-like 1-1		0
PDIA1_RAT	PDIA1_RAT	509	Redoxin	-	147	0.0011	23.5	0.2	1	1	0.007	6	11.430082321167	0.07	25	69	386	427	367	453	0.79	Protein disulfide-isomerase		0
PDI2_CAEEL	PDI2_CAEEL	493	Redoxin	-	147	0.0011	23.5	1.0	1	1	0.016	14	10.2683353424072	0.04	27	67	380	419	368	450	0.82	Protein disulfide-isomerase 2		0
PDIA2_MOUSE	PDIA2_MOUSE	527	Redoxin	-	147	0.0013	23.4	0.1	1	1	0.0014	1.2	13.6727952957153	0.03	16	67	399	447	386	461	0.83	Protein disulfide-isomerase A2		0
NXNL2_MOUSE	NXNL2_MOUSE	156	Redoxin	-	147	0.0013	23.3	0.0	1	1	1.9e-06	0.0017	22.9801235198975	0.00	15	130	12	127	7	138	0.86	Nucleoredoxin-like protein 2		0
TRX1_YEAST	TRX1_YEAST	103	Redoxin	-	147	0.0013	23.3	0.1	1	1	6.5e-06	0.0056	21.2591075897217	0.03	20	63	10	52	4	67	0.87	Thioredoxin-1	3f3r_A	0
THIO_CYACA	THIO_CYACA	107	Redoxin	-	147	0.0015	23.1	0.1	1	1	4.1e-06	0.0036	21.8906497955322	0.04	28	78	20	68	6	86	0.82	Thioredoxin		0
NRX3_ARATH	NRX3_ARATH	392	Redoxin	-	147	0.0015	23.1	0.0	1	1	0.002	1.7	13.2077560424805	0.00	21	103	36	121	23	135	0.75	Probable nucleoredoxin 3		0
THIO_SYNY3	THIO_SYNY3	107	Redoxin	-	147	0.0015	23.1	0.0	1	1	2.0e-06	0.0017	22.9402046203613	0.03	30	78	22	68	11	99	0.87	Thioredoxin		0
PDIA1_BOVIN	PDIA1_BOVIN	510	Redoxin	-	147	0.0016	23.1	0.1	1	1	0.0069	6	11.441388130188	0.07	25	69	386	427	366	453	0.79	Protein disulfide-isomerase		0
PDIA1_CRIGR	PDIA1_CRIGR	509	Redoxin	-	147	0.0016	23.0	0.1	1	2	0.026	22	9.59537887573242	0.01	28	64	43	78	17	98	0.79	Protein disulfide-isomerase		0
PDIA1_CRIGR	PDIA1_CRIGR	509	Redoxin	-	147	0.0016	23.0	0.1	2	2	0.011	9.9	10.7240543365479	0.06	25	68	386	426	367	455	0.77	Protein disulfide-isomerase		0
THIO_PASMU	THIO_PASMU	106	Redoxin	-	147	0.0016	23.0	0.0	1	1	3.5e-06	0.003	22.1460876464844	0.03	30	103	21	92	4	102	0.83	Thioredoxin		0
TRXH_FAGES	TRXH_FAGES	116	Redoxin	-	147	0.0016	23.0	0.3	1	1	4.4e-05	0.038	18.5531272888184	0.07	22	58	21	56	3	64	0.83	Thioredoxin H-type		0
PXL2B_SALSA	PXL2B_SALSA	200	Redoxin	-	147	0.0017	23.0	0.0	1	1	3.4e-06	0.0029	22.1888294219971	0.00	15	70	16	72	5	113	0.85	Prostamide/prostaglandin F synthase		0
THX28_ASPFM	THX28_ASPFM	108	Redoxin	-	147	0.0017	22.9	0.1	1	1	6.2e-06	0.0054	21.3163433074951	0.10	27	60	20	52	9	71	0.83	Thioredoxin Asp f 28		0
THIO2_CORNE	THIO2_CORNE	108	Redoxin	-	147	0.0018	22.9	0.2	1	1	7.9e-06	0.0068	20.97971534729	0.12	27	66	20	57	2	71	0.76	Thioredoxin C-2		0
PDIA1_MACFU	PDIA1_MACFU	510	Redoxin	-	147	0.0018	22.9	0.1	1	1	0.0066	5.7	11.5135688781738	0.06	23	68	384	426	367	447	0.81	Protein disulfide-isomerase		0
GPX4_ARATH	GPX4_ARATH	170	Redoxin	-	147	0.0018	22.9	0.1	1	1	6.5e-06	0.0056	21.2676601409912	0.05	7	68	13	71	5	128	0.81	Probable glutathione peroxidase 4		0
PDI_MEDSA	PDI_MEDSA	512	Redoxin	-	147	0.0018	22.8	0.2	1	1	0.0052	4.5	11.8338069915771	0.02	27	67	394	433	375	479	0.68	Protein disulfide-isomerase		0
THIO_PYRYE	THIO_PYRYE	107	Redoxin	-	147	0.0019	22.8	0.0	1	1	2.3e-06	0.002	22.7135734558105	0.04	27	76	18	65	5	97	0.86	Thioredoxin		0
PDI_HORVU	PDI_HORVU	513	Redoxin	-	147	0.002	22.7	0.1	1	1	0.0046	4	12.0042428970337	0.04	27	67	398	437	378	465	0.86	Protein disulfide-isomerase		0
TRX2_SCHPO	TRX2_SCHPO	133	Redoxin	-	147	0.0021	22.7	0.1	1	1	3.5e-06	0.003	22.1369018554688	0.07	22	72	41	88	30	127	0.83	Thioredoxin-2, mitochondrial		0
PDIA1_HUMAN	PDIA1_HUMAN	508	Redoxin	-	147	0.0022	22.6	0.1	1	1	0.008	6.9	11.2264251708984	0.08	28	69	385	425	366	451	0.80	Protein disulfide-isomerase	6i7s_B	0
PDI_MAIZE	PDI_MAIZE	513	Redoxin	-	147	0.0022	22.6	0.5	1	1	0.007	6.1	11.4136428833008	0.06	27	78	395	442	375	472	0.74	Protein disulfide-isomerase		0
PDIA1_PONAB	PDIA1_PONAB	508	Redoxin	-	147	0.0022	22.5	0.1	1	1	0.0077	6.6	11.2879819869995	0.07	25	69	384	425	365	451	0.80	Protein disulfide-isomerase		0
GPX2_CAEEL	GPX2_CAEEL	163	Redoxin	-	147	0.0023	22.5	0.1	1	1	7.6e-05	0.066	17.787036895752	0.07	15	69	11	100	4	159	0.63	Glutathione peroxidase 2		0
PDI12_ORYSJ	PDI12_ORYSJ	517	Redoxin	-	147	0.0023	22.5	0.2	1	1	0.0064	5.6	11.5418853759766	0.01	27	134	394	506	387	516	0.74	Protein disulfide isomerase-like 1-2		0
PDI_ARTBC	PDI_ARTBC	523	Redoxin	-	147	0.0023	22.5	1.3	1	2	0.02	17	9.96592235565186	0.05	23	64	40	82	16	94	0.78	Protein disulfide-isomerase		0
PDI_ARTBC	PDI_ARTBC	523	Redoxin	-	147	0.0023	22.5	1.3	2	2	0.014	12	10.4237842559814	0.02	27	64	381	418	346	470	0.81	Protein disulfide-isomerase		0
GPX1_SYNY3	GPX1_SYNY3	169	Redoxin	-	147	0.0024	22.5	0.0	1	1	7.9e-05	0.068	17.7454624176025	0.00	8	86	11	94	4	99	0.73	Hydroperoxy fatty acid reductase gpx1		0
TRX2_YEAST	TRX2_YEAST	104	Redoxin	-	147	0.0024	22.5	0.0	1	1	3.2e-06	0.0027	22.2670230865479	0.04	23	68	13	58	3	102	0.68	Thioredoxin-2	2fa4_B	0
THIO_CHLTI	THIO_CHLTI	108	Redoxin	-	147	0.0024	22.4	0.1	1	1	0.00046	0.39	15.2694263458252	0.03	27	61	19	52	4	56	0.77	Thioredoxin		0
GPX1_SCHPO	GPX1_SCHPO	158	Redoxin	-	147	0.0025	22.4	0.1	1	1	1.0e-05	0.0089	20.6154975891113	0.05	15	146	11	157	4	158	0.71	Glutathione peroxidase-like peroxiredoxin gpx1		0
PDI_DATGL	PDI_DATGL	507	Redoxin	-	147	0.0026	22.4	0.1	1	2	0.027	23	9.52064895629883	0.03	27	83	49	108	27	134	0.74	Protein disulfide-isomerase		0
PDI_DATGL	PDI_DATGL	507	Redoxin	-	147	0.0026	22.4	0.1	2	2	0.028	24	9.47909927368164	0.01	27	65	394	430	386	497	0.70	Protein disulfide-isomerase		0
THIO_KITAU	THIO_KITAU	106	Redoxin	-	147	0.0026	22.3	0.0	1	1	3.2e-06	0.0028	22.2411594390869	0.05	20	80	10	69	2	100	0.80	Thioredoxin (Fragment)		0
AHPC_RHORU	AHPC_RHORU	68	Redoxin	-	147	0.003	22.1	0.0	1	1	3.6e-06	0.0031	22.104175567627	0.02	3	64	5	67	3	68	0.84	Alkyl hydroperoxide reductase C (Fragment)		0
THIO_LISMO	THIO_LISMO	103	Redoxin	-	147	0.0031	22.1	0.2	1	1	0.00055	0.48	14.9997615814209	0.04	29	60	17	47	3	60	0.78	Thioredoxin		0
THIO_LISIN	THIO_LISIN	103	Redoxin	-	147	0.0031	22.1	0.2	1	1	0.00055	0.48	14.9997615814209	0.04	29	60	17	47	3	60	0.78	Thioredoxin		0
PDI_WHEAT	PDI_WHEAT	515	Redoxin	-	147	0.0031	22.1	0.1	1	2	0.027	23	9.53873920440674	0.01	17	73	45	100	32	129	0.72	Protein disulfide-isomerase		0
PDI_WHEAT	PDI_WHEAT	515	Redoxin	-	147	0.0031	22.1	0.1	2	2	0.02	17	9.97414970397949	0.04	29	67	401	438	386	471	0.80	Protein disulfide-isomerase		0
THIO_MYCBO	THIO_MYCBO	116	Redoxin	-	147	0.0032	22.1	0.1	1	1	4.4e-06	0.0038	21.8200168609619	0.11	27	76	24	72	6	111	0.77	Thioredoxin		0
THIO_MYCTO	THIO_MYCTO	116	Redoxin	-	147	0.0032	22.1	0.1	1	1	4.4e-06	0.0038	21.8200168609619	0.11	27	76	24	72	6	111	0.77	Thioredoxin		0
THIO_MYCTU	THIO_MYCTU	116	Redoxin	-	147	0.0032	22.1	0.1	1	1	4.4e-06	0.0038	21.8200168609619	0.11	27	76	24	72	6	111	0.77	Thioredoxin	3o6t_A	0
SCO22_RICBR	SCO22_RICBR	204	Redoxin	-	147	0.0033	22.0	0.0	1	1	6.4e-06	0.0055	21.2878494262695	0.01	8	134	50	191	42	200	0.85	SCO2-like protein RBE_0699		0
THIO_HELPY	THIO_HELPY	106	Redoxin	-	147	0.0034	22.0	0.1	1	1	0.00077	0.67	14.5271520614624	0.07	26	61	16	50	6	59	0.83	Thioredoxin	6bkv_B	0
THIO_HELPJ	THIO_HELPJ	106	Redoxin	-	147	0.0034	22.0	0.1	1	1	0.00077	0.67	14.5271520614624	0.07	26	61	16	50	6	59	0.83	Thioredoxin		0
GPX3_YEAST	GPX3_YEAST	163	Redoxin	-	147	0.0034	22.0	0.0	1	1	1.3e-05	0.011	20.3080139160156	0.03	14	69	10	71	4	157	0.74	Glutathione peroxidase-like peroxiredoxin HYR1	3cmi_A	0
NXN_XENLA	NXN_XENLA	414	Redoxin	-	147	0.0036	21.9	0.0	1	1	2.2e-05	0.019	19.5469188690186	0.00	16	131	160	270	151	280	0.77	Nucleoredoxin		0
THIO_BACSU	THIO_BACSU	104	Redoxin	-	147	0.0036	21.9	0.0	1	1	0.001	0.9	14.1031303405762	0.02	21	61	9	49	3	55	0.82	Thioredoxin	2voc_B	0
PID13_ORYSJ	PID13_ORYSJ	545	Redoxin	-	147	0.0037	21.8	0.0	1	1	0.0028	2.4	12.7331800460815	0.02	27	67	440	479	405	509	0.79	Protein disulfide isomerase-like 1-3		0
TRXY_ORYSJ	TRXY_ORYSJ	168	Redoxin	-	147	0.0039	21.8	0.0	1	1	9.6e-06	0.0083	20.7070846557617	0.07	27	68	76	113	56	138	0.80	Thioredoxin Y, chloroplastic		0
TRXY2_ARATH	TRXY2_ARATH	167	Redoxin	-	147	0.004	21.7	0.0	1	1	1.2e-05	0.01	20.4193153381348	0.05	23	60	71	107	52	142	0.80	Thioredoxin Y2, chloroplastic		0
THIO_MYCSM	THIO_MYCSM	112	Redoxin	-	147	0.0047	21.5	0.1	1	1	7.3e-06	0.0063	21.0966358184814	0.10	27	60	22	54	4	109	0.74	Thioredoxin	5vo7_A	0
GPX3_ARATH	GPX3_ARATH	206	Redoxin	-	147	0.0048	21.5	0.1	1	1	2.8e-05	0.024	19.2201881408691	0.03	13	68	55	107	43	130	0.90	Probable glutathione peroxidase 3, mitochondrial		0
THIO_CHLAA	THIO_CHLAA	110	Redoxin	-	147	0.005	21.4	0.0	1	1	1.1e-05	0.0092	20.5592269897461	0.02	26	99	17	89	6	103	0.76	Thioredoxin		0
THIO2_DROYA	THIO2_DROYA	106	Redoxin	-	147	0.0051	21.4	0.1	1	1	1.3e-05	0.012	20.2470417022705	0.09	22	61	14	52	6	70	0.85	Thioredoxin-2		0
THIO_EMENI	THIO_EMENI	110	Redoxin	-	147	0.0056	21.3	0.5	1	1	0.00022	0.19	16.2834987640381	0.47	28	63	24	58	3	63	0.77	Thioredoxin		0
THIOT_DROME	THIOT_DROME	157	Redoxin	-	147	0.0059	21.2	0.1	1	1	4.5e-05	0.039	18.5225620269775	0.06	27	74	19	64	6	147	0.86	Thioredoxin-T	6z7o_A	0
PDIA2_PONAB	PDIA2_PONAB	525	Redoxin	-	147	0.0059	21.2	0.0	1	1	0.0083	7.2	11.175311088562	0.03	19	67	399	444	383	457	0.82	Protein disulfide-isomerase A2		0
NXNL1_HUMAN	NXNL1_HUMAN	212	Redoxin	-	147	0.0064	21.1	0.0	1	1	1.1e-05	0.0091	20.58131980896	0.00	19	131	22	136	11	147	0.80	Nucleoredoxin-like protein 1		0
THIO2_CHLTE	THIO2_CHLTE	109	Redoxin	-	147	0.0064	21.1	0.1	1	1	0.0016	1.4	13.4915218353271	0.03	21	55	13	47	4	55	0.73	Thioredoxin 2		0
THIO_PORPU	THIO_PORPU	107	Redoxin	-	147	0.0083	20.7	0.0	1	1	1.0e-05	0.0089	20.6105098724365	0.03	27	76	18	65	5	95	0.86	Thioredoxin		0
THIO_RICFE	THIO_RICFE	105	Redoxin	-	147	0.0099	20.5	0.0	1	1	1.2e-05	0.011	20.366584777832	0.01	29	75	19	63	4	97	0.87	Thioredoxin		0
