UniRef90_ID	tax_lineage	tax_id
P30048	<tax_lineage>	<tax_id>
P30048	<tax_lineage>	<tax_id>
P35705	<tax_lineage>	<tax_id>
P20108	<tax_lineage>	<tax_id>
P20108	<tax_lineage>	<tax_id>
Q9NL98	<tax_lineage>	<tax_id>
P32119	<tax_lineage>	<tax_id>
Q06830	<tax_lineage>	<tax_id>
Q06830	<tax_lineage>	<tax_id>
Q6B4U9	<tax_lineage>	<tax_id>
P0CB50	<tax_lineage>	<tax_id>
Q8K3U7	<tax_lineage>	<tax_id>
P32119	<tax_lineage>	<tax_id>
Q61171	<tax_lineage>	<tax_id>
P35700	<tax_lineage>	<tax_id>
Q9BGI3	<tax_lineage>	<tax_id>
Q5E947	<tax_lineage>	<tax_id>
Q6DV14	<tax_lineage>	<tax_id>
P35700	<tax_lineage>	<tax_id>
A0A0K3AUJ9	<tax_lineage>	<tax_id>
Q90384	<tax_lineage>	<tax_id>
Q6ER94	<tax_lineage>	<tax_id>
A3DKL1	<tax_lineage>	<tax_id>
Q9WZR4	<tax_lineage>	<tax_id>
A8A9P0	<tax_lineage>	<tax_id>
Q9WZR4	<tax_lineage>	<tax_id>
P80602	<tax_lineage>	<tax_id>
Q17172	<tax_lineage>	<tax_id>
Q555L5	<tax_lineage>	<tax_id>
Q9C5R8	<tax_lineage>	<tax_id>
P80602	<tax_lineage>	<tax_id>
O29969	<tax_lineage>	<tax_id>
P48822	<tax_lineage>	<tax_id>
Q21824	<tax_lineage>	<tax_id>
A2BJD9	<tax_lineage>	<tax_id>
Q96XS5	<tax_lineage>	<tax_id>
Q979N7	<tax_lineage>	<tax_id>
Q58146	<tax_lineage>	<tax_id>
P95895	<tax_lineage>	<tax_id>
Q9Z0V5	<tax_lineage>	<tax_id>
O08807	<tax_lineage>	<tax_id>
A0A2Z5VKM8	<tax_lineage>	<tax_id>
Q26695	<tax_lineage>	<tax_id>
Q96291	<tax_lineage>	<tax_id>
Q13162	<tax_lineage>	<tax_id>
Q9BGI2	<tax_lineage>	<tax_id>
O74887	<tax_lineage>	<tax_id>
Q9V3P0	<tax_lineage>	<tax_id>
Q96291	<tax_lineage>	<tax_id>
Q8T6C4	<tax_lineage>	<tax_id>
Q91191	<tax_lineage>	<tax_id>
Q1XDL4	<tax_lineage>	<tax_id>
Q979N7	<tax_lineage>	<tax_id>
Q74NC6	<tax_lineage>	<tax_id>
O58966	<tax_lineage>	<tax_id>
O58966	<tax_lineage>	<tax_id>
Q8RCY5	<tax_lineage>	<tax_id>
P0C5C9	<tax_lineage>	<tax_id>
O58966	<tax_lineage>	<tax_id>
O67024	<tax_lineage>	<tax_id>
P91883	<tax_lineage>	<tax_id>
Q1XDL4	<tax_lineage>	<tax_id>
Q6L240	<tax_lineage>	<tax_id>
P0C5C9	<tax_lineage>	<tax_id>
P52572	<tax_lineage>	<tax_id>
P52572	<tax_lineage>	<tax_id>
P19476	<tax_lineage>	<tax_id>
P0CU34	<tax_lineage>	<tax_id>
Q55624	<tax_lineage>	<tax_id>
P34760	<tax_lineage>	<tax_id>
Q6L140	<tax_lineage>	<tax_id>
Q6LY19	<tax_lineage>	<tax_id>
Q8U218	<tax_lineage>	<tax_id>
Q6E2Z6	<tax_lineage>	<tax_id>
Q6LY19	<tax_lineage>	<tax_id>
A6UPH7	<tax_lineage>	<tax_id>
Q73RS4	<tax_lineage>	<tax_id>
O04005	<tax_lineage>	<tax_id>
O26262	<tax_lineage>	<tax_id>
Q9Y9L0	<tax_lineage>	<tax_id>
Q5ZJF4	<tax_lineage>	<tax_id>
P34227	<tax_lineage>	<tax_id>
Q9HKX0	<tax_lineage>	<tax_id>
O26262	<tax_lineage>	<tax_id>
Q8PYP6	<tax_lineage>	<tax_id>
Q8KBN8	<tax_lineage>	<tax_id>
Q5RC63	<tax_lineage>	<tax_id>
Q8R844	<tax_lineage>	<tax_id>
P52572	<tax_lineage>	<tax_id>
Q04120	<tax_lineage>	<tax_id>
O77834	<tax_lineage>	<tax_id>
A2SZW8	<tax_lineage>	<tax_id>
P0C5D1	<tax_lineage>	<tax_id>
Q974S8	<tax_lineage>	<tax_id>
Q8K9W0	<tax_lineage>	<tax_id>
P56876	<tax_lineage>	<tax_id>
O35244	<tax_lineage>	<tax_id>
P30041	<tax_lineage>	<tax_id>
Q5R7E0	<tax_lineage>	<tax_id>
P56876	<tax_lineage>	<tax_id>
P0C5D1	<tax_lineage>	<tax_id>
Q9TSX9	<tax_lineage>	<tax_id>
Q2PFL9	<tax_lineage>	<tax_id>
O33665	<tax_lineage>	<tax_id>
O34564	<tax_lineage>	<tax_id>
P23161	<tax_lineage>	<tax_id>
O08709	<tax_lineage>	<tax_id>
Q55060	<tax_lineage>	<tax_id>
Q9L3Q5	<tax_lineage>	<tax_id>
P57279	<tax_lineage>	<tax_id>
A0R1V9	<tax_lineage>	<tax_id>
Q89AS1	<tax_lineage>	<tax_id>
P9WQB6	<tax_lineage>	<tax_id>
P52570	<tax_lineage>	<tax_id>
Q949U7	<tax_lineage>	<tax_id>
O17433	<tax_lineage>	<tax_id>
Q54SE2	<tax_lineage>	<tax_id>
P52574	<tax_lineage>	<tax_id>
K0J4Q8	<tax_lineage>	<tax_id>
Q2FJN4	<tax_lineage>	<tax_id>
P49537	<tax_lineage>	<tax_id>
Q8CMQ2	<tax_lineage>	<tax_id>
P0AE10	<tax_lineage>	<tax_id>
Q8CMQ2	<tax_lineage>	<tax_id>
Q8CMQ2	<tax_lineage>	<tax_id>
P80239	<tax_lineage>	<tax_id>
P0AE10	<tax_lineage>	<tax_id>
P26830	<tax_lineage>	<tax_id>
Q49UT8	<tax_lineage>	<tax_id>
Q02UU0	<tax_lineage>	<tax_id>
P0C5D5	<tax_lineage>	<tax_id>
Q7F8S5	<tax_lineage>	<tax_id>
Q69TY4	<tax_lineage>	<tax_id>
Q6QPJ6	<tax_lineage>	<tax_id>
Q9MB35	<tax_lineage>	<tax_id>
P99029	<tax_lineage>	<tax_id>
Q8SS85	<tax_lineage>	<tax_id>
Q9R063	<tax_lineage>	<tax_id>
Q6UBI3	<tax_lineage>	<tax_id>
A9PCL4	<tax_lineage>	<tax_id>
Q9XEX2	<tax_lineage>	<tax_id>
Q5ASN8	<tax_lineage>	<tax_id>
Q9FR35	<tax_lineage>	<tax_id>
Q75SY5	<tax_lineage>	<tax_id>
Q9SRZ4	<tax_lineage>	<tax_id>
Q9XEX2	<tax_lineage>	<tax_id>
Q9BGI1	<tax_lineage>	<tax_id>
P73728	<tax_lineage>	<tax_id>
Q9LU86	<tax_lineage>	<tax_id>
Q5S1S6	<tax_lineage>	<tax_id>
O69777	<tax_lineage>	<tax_id>
O43099	<tax_lineage>	<tax_id>
Q53212	<tax_lineage>	<tax_id>
P52552	<tax_lineage>	<tax_id>
P30044	<tax_lineage>	<tax_id>
Q6HL81	<tax_lineage>	<tax_id>
Q9Y8B8	<tax_lineage>	<tax_id>
P44758	<tax_lineage>	<tax_id>
Q9GLW9	<tax_lineage>	<tax_id>
Q6HL81	<tax_lineage>	<tax_id>
Q9GLW7	<tax_lineage>	<tax_id>
P0AA87	<tax_lineage>	<tax_id>
Q65HX8	<tax_lineage>	<tax_id>
Q81FU5	<tax_lineage>	<tax_id>
Q9M7T0	<tax_lineage>	<tax_id>
P14293	<tax_lineage>	<tax_id>
Q9KQE9	<tax_lineage>	<tax_id>
Q81FU5	<tax_lineage>	<tax_id>
Q8DUK3	<tax_lineage>	<tax_id>
P0A864	<tax_lineage>	<tax_id>
P31308	<tax_lineage>	<tax_id>
Q81FU5	<tax_lineage>	<tax_id>
P31308	<tax_lineage>	<tax_id>
P14293	<tax_lineage>	<tax_id>
Q01116	<tax_lineage>	<tax_id>
Q5KXL9	<tax_lineage>	<tax_id>
Q83CY8	<tax_lineage>	<tax_id>
P56577	<tax_lineage>	<tax_id>
P80864	<tax_lineage>	<tax_id>
Q8XVP0	<tax_lineage>	<tax_id>
Q8ZE42	<tax_lineage>	<tax_id>
Q8ZP65	<tax_lineage>	<tax_id>
P42365	<tax_lineage>	<tax_id>
P35160	<tax_lineage>	<tax_id>
Q5KXL9	<tax_lineage>	<tax_id>
Q8KED5	<tax_lineage>	<tax_id>
P66953	<tax_lineage>	<tax_id>
Q8ZD52	<tax_lineage>	<tax_id>
P0AE52	<tax_lineage>	<tax_id>
Q8EPB7	<tax_lineage>	<tax_id>
Q8XFK6	<tax_lineage>	<tax_id>
B3EWI1	<tax_lineage>	<tax_id>
Q8ZP65	<tax_lineage>	<tax_id>
Q8XFE5	<tax_lineage>	<tax_id>
P57668	<tax_lineage>	<tax_id>
P66954	<tax_lineage>	<tax_id>
Q04JB8	<tax_lineage>	<tax_id>
P57880	<tax_lineage>	<tax_id>
Q8FQH8	<tax_lineage>	<tax_id>
P66954	<tax_lineage>	<tax_id>
P66954	<tax_lineage>	<tax_id>
P44411	<tax_lineage>	<tax_id>
Q4L754	<tax_lineage>	<tax_id>
Q9I3N1	<tax_lineage>	<tax_id>
O66780	<tax_lineage>	<tax_id>
P56578	<tax_lineage>	<tax_id>
P9WIE0	<tax_lineage>	<tax_id>
Q8DZH0	<tax_lineage>	<tax_id>
Q5HNJ2	<tax_lineage>	<tax_id>
Q8Y6U8	<tax_lineage>	<tax_id>
Q9Z645	<tax_lineage>	<tax_id>
Q57549	<tax_lineage>	<tax_id>
Q8NRG3	<tax_lineage>	<tax_id>
Q49YE4	<tax_lineage>	<tax_id>
Q796Y8	<tax_lineage>	<tax_id>
Q8DZH0	<tax_lineage>	<tax_id>
Q9KCJ4	<tax_lineage>	<tax_id>
Q8Y6U8	<tax_lineage>	<tax_id>
Q8Y6U8	<tax_lineage>	<tax_id>
Q9K813	<tax_lineage>	<tax_id>
Q9SDD6	<tax_lineage>	<tax_id>
P45038	<tax_lineage>	<tax_id>
Q46476	<tax_lineage>	<tax_id>
Q9CPM6	<tax_lineage>	<tax_id>
P52237	<tax_lineage>	<tax_id>
Q49126	<tax_lineage>	<tax_id>
O94561	<tax_lineage>	<tax_id>
Q8P9V9	<tax_lineage>	<tax_id>
P38013	<tax_lineage>	<tax_id>
P0C6P9	<tax_lineage>	<tax_id>
P55979	<tax_lineage>	<tax_id>
O14313	<tax_lineage>	<tax_id>
P40553	<tax_lineage>	<tax_id>
P65689	<tax_lineage>	<tax_id>
P55979	<tax_lineage>	<tax_id>
Q97E14	<tax_lineage>	<tax_id>
P9WID8	<tax_lineage>	<tax_id>
Q5WGY8	<tax_lineage>	<tax_id>
P0C6P9	<tax_lineage>	<tax_id>
O31820	<tax_lineage>	<tax_id>
Q72NR4	<tax_lineage>	<tax_id>
P30960	<tax_lineage>	<tax_id>
O31687	<tax_lineage>	<tax_id>
Q9CPK9	<tax_lineage>	<tax_id>
Q8CXF3	<tax_lineage>	<tax_id>
Q7G959	<tax_lineage>	<tax_id>
Q8BZW8	<tax_lineage>	<tax_id>
Q56461	<tax_lineage>	<tax_id>
P52236	<tax_lineage>	<tax_id>
Q8NBF2	<tax_lineage>	<tax_id>
P36893	<tax_lineage>	<tax_id>
O25151	<tax_lineage>	<tax_id>
Q9ZHF0	<tax_lineage>	<tax_id>
Q8NBF2	<tax_lineage>	<tax_id>
Q8VZ10	<tax_lineage>	<tax_id>
Q9PAN4	<tax_lineage>	<tax_id>
Q9PAN4	<tax_lineage>	<tax_id>
P29895	<tax_lineage>	<tax_id>
O25151	<tax_lineage>	<tax_id>
Q5ZI67	<tax_lineage>	<tax_id>
P43221	<tax_lineage>	<tax_id>
P44943	<tax_lineage>	<tax_id>
Q9PPE0	<tax_lineage>	<tax_id>
P9WG63	<tax_lineage>	<tax_id>
P9WG63	<tax_lineage>	<tax_id>
Q50416	<tax_lineage>	<tax_id>
Q96CM4	<tax_lineage>	<tax_id>
Q50232	<tax_lineage>	<tax_id>
Q7Y0E8	<tax_lineage>	<tax_id>
Q57127	<tax_lineage>	<tax_id>
Q7Y0F2	<tax_lineage>	<tax_id>
P45409	<tax_lineage>	<tax_id>
P72314	<tax_lineage>	<tax_id>
O80763	<tax_lineage>	<tax_id>
P14930	<tax_lineage>	<tax_id>
P14930	<tax_lineage>	<tax_id>
Q8VC33	<tax_lineage>	<tax_id>
P14930	<tax_lineage>	<tax_id>
P0A619	<tax_lineage>	<tax_id>
O77404	<tax_lineage>	<tax_id>
P43787	<tax_lineage>	<tax_id>
P86215	<tax_lineage>	<tax_id>
Q68EV9	<tax_lineage>	<tax_id>
Q6GM16	<tax_lineage>	<tax_id>
Q7XPE8	<tax_lineage>	<tax_id>
P0CV91	<tax_lineage>	<tax_id>
Q0JIL1	<tax_lineage>	<tax_id>
P14312	<tax_lineage>	<tax_id>
Q5VZ03	<tax_lineage>	<tax_id>
A5PMF7	<tax_lineage>	<tax_id>
Q9D531	<tax_lineage>	<tax_id>
P97346	<tax_lineage>	<tax_id>
A6QLU8	<tax_lineage>	<tax_id>
P97346	<tax_lineage>	<tax_id>
